date,count,package
2013-01-01,6,agricolae
2013-01-02,12,agricolae
2013-01-03,13,agricolae
2013-01-04,13,agricolae
2013-01-05,13,agricolae
2013-01-06,4,agricolae
2013-01-07,17,agricolae
2013-01-08,26,agricolae
2013-01-09,28,agricolae
2013-01-10,22,agricolae
2013-01-11,19,agricolae
2013-01-12,14,agricolae
2013-01-13,14,agricolae
2013-01-14,18,agricolae
2013-01-15,15,agricolae
2013-01-16,38,agricolae
2013-01-17,19,agricolae
2013-01-18,17,agricolae
2013-01-19,15,agricolae
2013-01-20,21,agricolae
2013-01-21,26,agricolae
2013-01-22,21,agricolae
2013-01-23,23,agricolae
2013-01-24,16,agricolae
2013-01-25,29,agricolae
2013-01-26,12,agricolae
2013-01-27,11,agricolae
2013-01-28,20,agricolae
2013-01-29,38,agricolae
2013-01-30,19,agricolae
2013-01-31,20,agricolae
2013-02-01,19,agricolae
2013-02-02,11,agricolae
2013-02-03,11,agricolae
2013-02-04,16,agricolae
2013-02-05,20,agricolae
2013-02-06,23,agricolae
2013-02-07,21,agricolae
2013-02-08,14,agricolae
2013-02-09,7,agricolae
2013-02-10,17,agricolae
2013-02-11,29,agricolae
2013-02-12,17,agricolae
2013-02-13,23,agricolae
2013-02-14,29,agricolae
2013-02-15,25,agricolae
2013-02-16,12,agricolae
2013-02-17,14,agricolae
2013-02-18,13,agricolae
2013-02-19,21,agricolae
2013-02-20,25,agricolae
2013-02-21,24,agricolae
2013-02-22,27,agricolae
2013-02-23,9,agricolae
2013-02-24,9,agricolae
2013-02-25,13,agricolae
2013-02-26,35,agricolae
2013-02-27,31,agricolae
2013-02-28,23,agricolae
2013-03-01,24,agricolae
2013-03-02,11,agricolae
2013-03-03,17,agricolae
2013-03-04,59,agricolae
2013-03-05,29,agricolae
2013-03-06,33,agricolae
2013-03-07,32,agricolae
2013-03-08,24,agricolae
2013-03-09,11,agricolae
2013-03-10,7,agricolae
2013-03-11,51,agricolae
2013-03-12,37,agricolae
2013-03-13,15,agricolae
2013-03-14,36,agricolae
2013-03-15,29,agricolae
2013-03-16,23,agricolae
2013-03-17,22,agricolae
2013-03-18,33,agricolae
2013-03-19,25,agricolae
2013-03-20,42,agricolae
2013-03-21,43,agricolae
2013-03-22,78,agricolae
2013-03-23,20,agricolae
2013-03-24,15,agricolae
2013-03-25,33,agricolae
2013-03-26,22,agricolae
2013-03-27,21,agricolae
2013-03-28,14,agricolae
2013-03-29,11,agricolae
2013-03-30,2,agricolae
2013-03-31,11,agricolae
2013-04-01,23,agricolae
2013-04-02,15,agricolae
2013-04-03,30,agricolae
2013-04-04,50,agricolae
2013-04-05,37,agricolae
2013-04-06,33,agricolae
2013-04-07,22,agricolae
2013-04-08,44,agricolae
2013-04-09,47,agricolae
2013-04-10,48,agricolae
2013-04-11,58,agricolae
2013-04-12,60,agricolae
2013-04-13,24,agricolae
2013-04-14,20,agricolae
2013-04-15,67,agricolae
2013-04-16,53,agricolae
2013-04-17,49,agricolae
2013-04-18,41,agricolae
2013-04-19,38,agricolae
2013-04-20,15,agricolae
2013-04-21,15,agricolae
2013-04-22,34,agricolae
2013-04-23,36,agricolae
2013-04-24,58,agricolae
2013-04-25,65,agricolae
2013-04-26,43,agricolae
2013-04-27,25,agricolae
2013-04-28,28,agricolae
2013-04-29,30,agricolae
2013-04-30,39,agricolae
2013-05-01,28,agricolae
2013-05-02,34,agricolae
2013-05-03,36,agricolae
2013-05-04,12,agricolae
2013-05-05,16,agricolae
2013-05-06,37,agricolae
2013-05-07,36,agricolae
2013-05-08,26,agricolae
2013-05-09,39,agricolae
2013-05-10,32,agricolae
2013-05-11,21,agricolae
2013-05-12,20,agricolae
2013-05-13,37,agricolae
2013-05-14,37,agricolae
2013-05-15,41,agricolae
2013-05-16,58,agricolae
2013-05-17,31,agricolae
2013-05-18,17,agricolae
2013-05-19,28,agricolae
2013-05-20,28,agricolae
2013-05-21,26,agricolae
2013-05-22,32,agricolae
2013-05-23,67,agricolae
2013-05-24,27,agricolae
2013-05-25,18,agricolae
2013-05-26,8,agricolae
2013-05-27,37,agricolae
2013-05-28,51,agricolae
2013-05-29,34,agricolae
2013-05-30,44,agricolae
2013-05-31,21,agricolae
2013-06-01,19,agricolae
2013-06-02,20,agricolae
2013-06-03,36,agricolae
2013-06-04,38,agricolae
2013-06-05,45,agricolae
2013-06-06,77,agricolae
2013-06-07,37,agricolae
2013-06-08,18,agricolae
2013-06-09,14,agricolae
2013-06-10,65,agricolae
2013-06-11,43,agricolae
2013-06-12,54,agricolae
2013-06-13,27,agricolae
2013-06-14,31,agricolae
2013-06-15,16,agricolae
2013-06-16,26,agricolae
2013-06-17,32,agricolae
2013-06-18,44,agricolae
2013-06-19,47,agricolae
2013-06-20,53,agricolae
2013-06-21,32,agricolae
2013-06-22,8,agricolae
2013-06-23,16,agricolae
2013-06-24,36,agricolae
2013-06-25,23,agricolae
2013-06-26,17,agricolae
2013-06-27,44,agricolae
2013-06-28,34,agricolae
2013-06-29,17,agricolae
2013-06-30,16,agricolae
2013-07-01,18,agricolae
2013-07-02,48,agricolae
2013-07-03,26,agricolae
2013-07-04,44,agricolae
2013-07-05,13,agricolae
2013-07-06,28,agricolae
2013-07-07,14,agricolae
2013-07-08,35,agricolae
2013-07-09,27,agricolae
2013-07-10,25,agricolae
2013-07-11,24,agricolae
2013-07-12,34,agricolae
2013-07-13,16,agricolae
2013-07-14,36,agricolae
2013-07-15,40,agricolae
2013-07-16,43,agricolae
2013-07-17,28,agricolae
2013-07-18,35,agricolae
2013-07-19,37,agricolae
2013-07-20,20,agricolae
2013-07-21,12,agricolae
2013-07-22,19,agricolae
2013-07-23,28,agricolae
2013-07-24,35,agricolae
2013-07-25,28,agricolae
2013-07-26,21,agricolae
2013-07-27,18,agricolae
2013-07-28,11,agricolae
2013-07-29,25,agricolae
2013-07-30,23,agricolae
2013-07-31,44,agricolae
2013-08-01,44,agricolae
2013-08-02,34,agricolae
2013-08-03,13,agricolae
2013-08-04,10,agricolae
2013-08-05,31,agricolae
2013-08-06,37,agricolae
2013-08-07,43,agricolae
2013-08-08,35,agricolae
2013-08-09,21,agricolae
2013-08-10,12,agricolae
2013-08-11,14,agricolae
2013-08-12,41,agricolae
2013-08-13,59,agricolae
2013-08-14,36,agricolae
2013-08-15,23,agricolae
2013-08-16,39,agricolae
2013-08-17,9,agricolae
2013-08-18,12,agricolae
2013-08-19,38,agricolae
2013-08-20,41,agricolae
2013-08-21,32,agricolae
2013-08-22,37,agricolae
2013-08-23,33,agricolae
2013-08-24,9,agricolae
2013-08-25,14,agricolae
2013-08-26,42,agricolae
2013-08-27,38,agricolae
2013-08-28,25,agricolae
2013-08-29,35,agricolae
2013-08-30,35,agricolae
2013-08-31,7,agricolae
2013-09-01,33,agricolae
2013-09-02,67,agricolae
2013-09-03,34,agricolae
2013-09-04,30,agricolae
2013-09-05,24,agricolae
2013-09-06,19,agricolae
2013-09-07,40,agricolae
2013-09-08,28,agricolae
2013-09-09,104,agricolae
2013-09-10,43,agricolae
2013-09-11,54,agricolae
2013-09-12,41,agricolae
2013-09-13,44,agricolae
2013-09-14,12,agricolae
2013-09-15,21,agricolae
2013-09-16,57,agricolae
2013-09-17,36,agricolae
2013-09-18,48,agricolae
2013-09-19,38,agricolae
2013-09-20,48,agricolae
2013-09-21,24,agricolae
2013-09-22,27,agricolae
2013-09-23,75,agricolae
2013-09-24,39,agricolae
2013-09-25,62,agricolae
2013-09-26,61,agricolae
2013-09-27,71,agricolae
2013-09-28,24,agricolae
2013-09-29,34,agricolae
2013-09-30,88,agricolae
2013-10-01,45,agricolae
2013-10-02,48,agricolae
2013-10-03,49,agricolae
2013-10-04,36,agricolae
2013-10-05,13,agricolae
2013-10-06,12,agricolae
2013-10-07,60,agricolae
2013-10-08,94,agricolae
2013-10-09,103,agricolae
2013-10-10,84,agricolae
2013-10-11,50,agricolae
2013-10-12,46,agricolae
2013-10-13,27,agricolae
2013-10-14,32,agricolae
2013-10-15,106,agricolae
2013-10-16,53,agricolae
2013-10-17,91,agricolae
2013-10-18,51,agricolae
2013-10-19,48,agricolae
2013-10-20,32,agricolae
2013-10-21,82,agricolae
2013-10-22,82,agricolae
2013-10-23,58,agricolae
2013-10-24,63,agricolae
2013-10-25,69,agricolae
2013-10-26,14,agricolae
2013-10-27,16,agricolae
2013-10-28,78,agricolae
2013-10-29,81,agricolae
2013-10-30,89,agricolae
2013-10-31,90,agricolae
2013-11-01,74,agricolae
2013-11-02,26,agricolae
2013-11-03,25,agricolae
2013-11-04,73,agricolae
2013-11-05,119,agricolae
2013-11-06,131,agricolae
2013-11-07,108,agricolae
2013-11-08,101,agricolae
2013-11-09,43,agricolae
2013-11-10,46,agricolae
2013-11-11,106,agricolae
2013-11-12,69,agricolae
2013-11-13,117,agricolae
2013-11-14,77,agricolae
2013-11-15,79,agricolae
2013-11-16,31,agricolae
2013-11-17,31,agricolae
2013-11-18,97,agricolae
2013-11-19,105,agricolae
2013-11-20,80,agricolae
2013-11-21,68,agricolae
2013-11-22,52,agricolae
2013-11-23,36,agricolae
2013-11-24,47,agricolae
2013-11-25,62,agricolae
2013-11-26,79,agricolae
2013-11-27,49,agricolae
2013-11-28,42,agricolae
2013-11-29,50,agricolae
2013-11-30,33,agricolae
2013-12-01,51,agricolae
2013-12-02,72,agricolae
2013-12-03,86,agricolae
2013-12-04,119,agricolae
2013-12-05,83,agricolae
2013-12-06,62,agricolae
2013-12-07,55,agricolae
2013-12-08,37,agricolae
2013-12-09,93,agricolae
2013-12-10,69,agricolae
2013-12-11,103,agricolae
2013-12-12,100,agricolae
2013-12-13,72,agricolae
2013-12-14,56,agricolae
2013-12-15,32,agricolae
2013-12-16,77,agricolae
2013-12-17,67,agricolae
2013-12-18,78,agricolae
2013-12-19,42,agricolae
2013-12-20,53,agricolae
2013-12-21,19,agricolae
2013-12-22,21,agricolae
2013-12-23,30,agricolae
2013-12-24,9,agricolae
2013-12-25,21,agricolae
2013-12-26,18,agricolae
2013-12-27,29,agricolae
2013-12-28,25,agricolae
2013-12-29,17,agricolae
2013-12-30,29,agricolae
2013-12-31,31,agricolae
2014-01-01,12,agricolae
2014-01-02,21,agricolae
2014-01-03,19,agricolae
2014-01-04,13,agricolae
2014-01-05,18,agricolae
2014-01-06,41,agricolae
2014-01-07,75,agricolae
2014-01-08,98,agricolae
2014-01-09,126,agricolae
2014-01-10,99,agricolae
2014-01-11,38,agricolae
2014-01-12,38,agricolae
2014-01-13,66,agricolae
2014-01-14,106,agricolae
2014-01-15,93,agricolae
2014-01-16,120,agricolae
2014-01-17,49,agricolae
2014-01-18,38,agricolae
2014-01-19,31,agricolae
2014-01-20,81,agricolae
2014-01-21,67,agricolae
2014-01-22,71,agricolae
2014-01-23,100,agricolae
2014-01-24,56,agricolae
2014-01-25,25,agricolae
2014-01-26,24,agricolae
2014-01-27,55,agricolae
2014-01-28,100,agricolae
2014-01-29,55,agricolae
2014-01-30,73,agricolae
2014-01-31,42,agricolae
2014-02-01,25,agricolae
2014-02-02,31,agricolae
2014-02-03,64,agricolae
2014-02-04,77,agricolae
2014-02-05,59,agricolae
2014-02-06,57,agricolae
2014-02-07,43,agricolae
2014-02-08,30,agricolae
2014-02-09,32,agricolae
2014-02-10,32,agricolae
2014-02-11,68,agricolae
2014-02-12,70,agricolae
2014-02-13,60,agricolae
2014-02-14,120,agricolae
2014-02-15,30,agricolae
2014-02-16,28,agricolae
2014-02-17,105,agricolae
2014-02-18,118,agricolae
2014-02-19,133,agricolae
2014-02-20,106,agricolae
2014-02-21,75,agricolae
2014-02-22,51,agricolae
2014-02-23,74,agricolae
2014-02-24,143,agricolae
2014-02-25,92,agricolae
2014-02-26,121,agricolae
2014-02-27,83,agricolae
2014-02-28,81,agricolae
2014-03-01,63,agricolae
2014-03-02,50,agricolae
2014-03-03,127,agricolae
2014-03-04,101,agricolae
2014-03-05,95,agricolae
2014-03-06,79,agricolae
2014-03-07,74,agricolae
2014-03-08,42,agricolae
2014-03-09,48,agricolae
2014-03-10,93,agricolae
2014-03-11,121,agricolae
2014-03-12,92,agricolae
2014-03-13,123,agricolae
2014-03-14,69,agricolae
2014-03-15,42,agricolae
2014-03-16,21,agricolae
2014-03-17,86,agricolae
2014-03-18,90,agricolae
2014-03-19,62,agricolae
2014-03-20,86,agricolae
2014-03-21,60,agricolae
2014-03-22,37,agricolae
2014-03-23,29,agricolae
2014-03-24,82,agricolae
2014-03-25,126,agricolae
2014-03-26,79,agricolae
2014-03-27,134,agricolae
2014-03-28,108,agricolae
2014-03-29,50,agricolae
2014-03-30,56,agricolae
2014-03-31,94,agricolae
2014-04-01,72,agricolae
2014-04-02,76,agricolae
2014-04-03,125,agricolae
2014-04-04,67,agricolae
2014-04-05,37,agricolae
2014-04-06,38,agricolae
2014-04-07,98,agricolae
2014-04-08,100,agricolae
2014-04-09,98,agricolae
2014-04-10,94,agricolae
2014-04-11,60,agricolae
2014-04-12,44,agricolae
2014-04-13,51,agricolae
2014-04-14,114,agricolae
2014-04-15,116,agricolae
2014-04-16,80,agricolae
2014-04-17,109,agricolae
2014-04-18,52,agricolae
2014-04-19,49,agricolae
2014-04-20,39,agricolae
2014-04-21,43,agricolae
2014-04-22,89,agricolae
2014-04-23,113,agricolae
2014-04-24,114,agricolae
2014-04-25,85,agricolae
2014-04-26,47,agricolae
2014-04-27,76,agricolae
2014-04-28,93,agricolae
2014-04-29,88,agricolae
2014-04-30,86,agricolae
2014-05-01,55,agricolae
2014-05-02,57,agricolae
2014-05-03,42,agricolae
2014-05-04,34,agricolae
2014-05-05,54,agricolae
2014-05-06,85,agricolae
2014-05-07,78,agricolae
2014-05-08,88,agricolae
2014-05-09,51,agricolae
2014-05-10,32,agricolae
2014-05-11,21,agricolae
2014-05-12,61,agricolae
2014-05-13,82,agricolae
2014-05-14,86,agricolae
2014-05-15,96,agricolae
2014-05-16,7,agricolae
2014-05-17,5,agricolae
2014-05-18,45,agricolae
2014-05-19,72,agricolae
2014-05-20,118,agricolae
2014-05-21,30,agricolae
2014-05-22,75,agricolae
2014-05-23,73,agricolae
2014-05-24,32,agricolae
2014-05-25,51,agricolae
2014-05-26,182,agricolae
2014-05-27,64,agricolae
2014-05-28,71,agricolae
2014-05-29,117,agricolae
2014-05-30,70,agricolae
2014-05-31,55,agricolae
2014-06-01,32,agricolae
2014-06-02,88,agricolae
2014-06-03,80,agricolae
2014-06-04,146,agricolae
2014-06-05,94,agricolae
2014-06-06,60,agricolae
2014-06-07,45,agricolae
2014-06-08,38,agricolae
2014-06-09,92,agricolae
2014-06-10,80,agricolae
2014-06-11,62,agricolae
2014-06-12,62,agricolae
2014-06-13,58,agricolae
2014-06-14,24,agricolae
2014-06-15,39,agricolae
2014-06-16,64,agricolae
2014-06-17,57,agricolae
2014-06-18,96,agricolae
2014-06-19,118,agricolae
2014-06-20,131,agricolae
2014-06-21,57,agricolae
2014-06-22,54,agricolae
2014-06-23,114,agricolae
2014-06-24,96,agricolae
2014-06-25,105,agricolae
2014-06-26,86,agricolae
2014-06-27,91,agricolae
2014-06-28,34,agricolae
2014-06-29,38,agricolae
2014-06-30,98,agricolae
2014-07-01,90,agricolae
2014-07-02,123,agricolae
2014-07-03,121,agricolae
2014-07-04,69,agricolae
2014-07-05,32,agricolae
2014-07-06,43,agricolae
2014-07-07,118,agricolae
2014-07-08,124,agricolae
2014-07-09,106,agricolae
2014-07-10,110,agricolae
2014-07-11,105,agricolae
2014-07-12,57,agricolae
2014-07-13,28,agricolae
2014-07-14,76,agricolae
2014-07-15,81,agricolae
2014-07-16,109,agricolae
2014-07-17,70,agricolae
2014-07-18,43,agricolae
2014-07-19,44,agricolae
2014-07-20,49,agricolae
2014-07-21,78,agricolae
2014-07-22,70,agricolae
2014-07-23,69,agricolae
2014-07-24,71,agricolae
2014-07-25,56,agricolae
2014-07-26,33,agricolae
2014-07-27,44,agricolae
2014-07-28,61,agricolae
2014-07-29,78,agricolae
2014-07-30,74,agricolae
2014-07-31,61,agricolae
2014-08-01,88,agricolae
2014-08-02,32,agricolae
2014-08-03,34,agricolae
2014-08-04,85,agricolae
2014-08-05,103,agricolae
2014-08-06,76,agricolae
2014-08-07,80,agricolae
2014-08-08,66,agricolae
2014-08-09,51,agricolae
2014-08-10,52,agricolae
2014-08-11,86,agricolae
2014-08-12,108,agricolae
2014-08-13,91,agricolae
2014-08-14,72,agricolae
2014-08-15,64,agricolae
2014-08-16,41,agricolae
2014-08-17,34,agricolae
2014-08-18,90,agricolae
2014-08-19,76,agricolae
2014-08-20,68,agricolae
2014-08-21,121,agricolae
2014-08-22,112,agricolae
2014-08-23,39,agricolae
2014-08-24,56,agricolae
2014-08-25,70,agricolae
2014-08-26,60,agricolae
2014-08-27,104,agricolae
2014-08-28,93,agricolae
2014-08-29,89,agricolae
2014-08-30,47,agricolae
2014-08-31,45,agricolae
2014-09-01,78,agricolae
2014-09-02,155,agricolae
2014-09-03,160,agricolae
2014-09-04,108,agricolae
2014-09-05,129,agricolae
2014-09-06,74,agricolae
2014-09-07,77,agricolae
2014-09-08,129,agricolae
2014-09-09,122,agricolae
2014-09-10,158,agricolae
2014-09-11,109,agricolae
2014-09-12,111,agricolae
2014-09-13,67,agricolae
2014-09-14,50,agricolae
2014-09-15,81,agricolae
2014-09-16,149,agricolae
2014-09-17,129,agricolae
2014-09-18,82,agricolae
2014-09-19,140,agricolae
2014-09-20,58,agricolae
2014-09-21,46,agricolae
2014-09-22,19,agricolae
2014-09-23,12,agricolae
2014-09-24,136,agricolae
2014-09-25,157,agricolae
2014-09-26,123,agricolae
2014-09-27,65,agricolae
2014-09-28,73,agricolae
2014-09-29,118,agricolae
2014-09-30,106,agricolae
2014-10-01,161,agricolae
2014-10-02,99,agricolae
2014-10-03,186,agricolae
2014-10-04,56,agricolae
2014-10-05,48,agricolae
2014-10-06,136,agricolae
2014-10-07,184,agricolae
2014-10-08,175,agricolae
2014-10-09,190,agricolae
2014-10-10,108,agricolae
2014-10-11,81,agricolae
2014-10-12,68,agricolae
2014-10-13,169,agricolae
2014-10-14,152,agricolae
2014-10-15,130,agricolae
2014-10-16,132,agricolae
2014-10-17,109,agricolae
2014-10-18,85,agricolae
2014-10-19,46,agricolae
2014-10-20,167,agricolae
2014-10-21,164,agricolae
2014-10-22,154,agricolae
2014-10-23,161,agricolae
2014-10-24,99,agricolae
2014-10-25,49,agricolae
2014-10-26,65,agricolae
2014-10-27,200,agricolae
2014-10-28,179,agricolae
2014-10-29,162,agricolae
2014-10-30,216,agricolae
2014-10-31,120,agricolae
2014-11-01,77,agricolae
2014-11-02,106,agricolae
2014-11-03,182,agricolae
2014-11-04,173,agricolae
2014-11-05,155,agricolae
2014-11-06,188,agricolae
2014-11-07,109,agricolae
2014-11-08,55,agricolae
2014-11-09,58,agricolae
2014-11-10,154,agricolae
2014-11-11,130,agricolae
2014-11-12,197,agricolae
2014-11-13,214,agricolae
2014-11-14,111,agricolae
2014-11-15,74,agricolae
2014-11-16,57,agricolae
2014-11-17,119,agricolae
2014-11-18,162,agricolae
2014-11-19,102,agricolae
2014-11-20,123,agricolae
2014-11-21,98,agricolae
2014-11-22,61,agricolae
2014-11-23,58,agricolae
2014-11-24,143,agricolae
2014-11-25,216,agricolae
2014-11-26,135,agricolae
2014-11-27,122,agricolae
2014-11-28,94,agricolae
2014-11-29,63,agricolae
2014-11-30,54,agricolae
2014-12-01,117,agricolae
2014-12-02,137,agricolae
2014-12-03,116,agricolae
2014-12-04,217,agricolae
2014-12-05,121,agricolae
2014-12-06,66,agricolae
2014-12-07,71,agricolae
2014-12-08,88,agricolae
2014-12-09,126,agricolae
2014-12-10,150,agricolae
2014-12-11,133,agricolae
2014-12-12,131,agricolae
2014-12-13,60,agricolae
2014-12-14,56,agricolae
2014-12-15,102,agricolae
2014-12-16,108,agricolae
2014-12-17,116,agricolae
2014-12-18,70,agricolae
2014-12-19,81,agricolae
2014-12-20,64,agricolae
2014-12-21,46,agricolae
2014-12-22,56,agricolae
2014-12-23,23,agricolae
2014-12-24,27,agricolae
2014-12-25,24,agricolae
2014-12-26,29,agricolae
2014-12-27,50,agricolae
2014-12-28,29,agricolae
2014-12-29,49,agricolae
2014-12-30,38,agricolae
2014-12-31,44,agricolae
2015-01-01,20,agricolae
2015-01-02,33,agricolae
2015-01-03,32,agricolae
2015-01-04,53,agricolae
2015-01-05,73,agricolae
2015-01-06,153,agricolae
2015-01-07,104,agricolae
2015-01-08,95,agricolae
2015-01-09,79,agricolae
2015-01-10,56,agricolae
2015-01-11,54,agricolae
2015-01-12,126,agricolae
2015-01-13,96,agricolae
2015-01-14,98,agricolae
2015-01-15,122,agricolae
2015-01-16,128,agricolae
2015-01-17,60,agricolae
2015-01-18,69,agricolae
2015-01-19,142,agricolae
2015-01-20,100,agricolae
2015-01-21,115,agricolae
2015-01-22,104,agricolae
2015-01-23,71,agricolae
2015-01-24,72,agricolae
2015-01-25,54,agricolae
2015-01-26,134,agricolae
2015-01-27,128,agricolae
2015-01-28,100,agricolae
2015-01-29,122,agricolae
2015-01-30,97,agricolae
2015-01-31,43,agricolae
2015-02-01,47,agricolae
2015-02-02,102,agricolae
2015-02-03,128,agricolae
2015-02-04,105,agricolae
2015-02-05,97,agricolae
2015-02-06,70,agricolae
2015-02-07,47,agricolae
2015-02-08,47,agricolae
2015-02-09,125,agricolae
2015-02-10,117,agricolae
2015-02-11,144,agricolae
2015-02-12,124,agricolae
2015-02-13,128,agricolae
2015-02-14,49,agricolae
2015-02-15,37,agricolae
2015-02-16,144,agricolae
2015-02-17,215,agricolae
2015-02-18,184,agricolae
2015-02-19,143,agricolae
2015-02-20,125,agricolae
2015-02-21,51,agricolae
2015-02-22,63,agricolae
2015-02-23,175,agricolae
2015-02-24,201,agricolae
2015-02-25,227,agricolae
2015-02-26,155,agricolae
2015-02-27,122,agricolae
2015-02-28,78,agricolae
2015-03-01,63,agricolae
2015-03-02,227,agricolae
2015-03-03,178,agricolae
2015-03-04,232,agricolae
2015-03-05,141,agricolae
2015-03-06,103,agricolae
2015-03-07,72,agricolae
2015-03-08,68,agricolae
2015-03-09,214,agricolae
2015-03-10,190,agricolae
2015-03-11,173,agricolae
2015-03-12,138,agricolae
2015-03-13,134,agricolae
2015-03-14,59,agricolae
2015-03-15,70,agricolae
2015-03-16,161,agricolae
2015-03-17,191,agricolae
2015-03-18,177,agricolae
2015-03-19,155,agricolae
2015-03-20,127,agricolae
2015-03-21,61,agricolae
2015-03-22,66,agricolae
2015-03-23,162,agricolae
2015-03-24,232,agricolae
2015-03-25,357,agricolae
2015-03-26,173,agricolae
2015-03-27,109,agricolae
2015-03-28,72,agricolae
2015-03-29,72,agricolae
2015-03-30,134,agricolae
2015-03-31,205,agricolae
2015-04-01,225,agricolae
2015-04-02,122,agricolae
2015-04-03,103,agricolae
2015-04-04,62,agricolae
2015-04-05,74,agricolae
2015-04-06,114,agricolae
2015-04-07,208,agricolae
2015-04-08,204,agricolae
2015-04-09,175,agricolae
2015-04-10,100,agricolae
2015-04-11,124,agricolae
2015-04-12,77,agricolae
2015-04-13,170,agricolae
2015-04-14,168,agricolae
2015-04-15,163,agricolae
2015-04-16,171,agricolae
2015-04-17,134,agricolae
2015-04-18,185,agricolae
2015-04-19,126,agricolae
2015-04-20,217,agricolae
2015-04-21,268,agricolae
2015-04-22,316,agricolae
2015-04-23,159,agricolae
2015-04-24,174,agricolae
2015-04-25,112,agricolae
2015-04-26,92,agricolae
2015-04-27,175,agricolae
2015-04-28,163,agricolae
2015-04-29,160,agricolae
2015-04-30,180,agricolae
2015-05-01,89,agricolae
2015-05-02,72,agricolae
2015-05-03,78,agricolae
2015-05-04,154,agricolae
2015-05-05,176,agricolae
2015-05-06,188,agricolae
2015-05-07,145,agricolae
2015-05-08,134,agricolae
2015-05-09,106,agricolae
2015-05-10,80,agricolae
2015-05-11,126,agricolae
2015-05-12,125,agricolae
2015-05-13,176,agricolae
2015-05-14,114,agricolae
2015-05-15,108,agricolae
2015-05-16,79,agricolae
2015-05-17,79,agricolae
2015-05-18,122,agricolae
2015-05-19,161,agricolae
2015-05-20,223,agricolae
2015-05-21,198,agricolae
2015-05-22,122,agricolae
2015-05-23,75,agricolae
2015-05-24,44,agricolae
2015-05-25,96,agricolae
2015-05-26,129,agricolae
2015-05-27,99,agricolae
2015-05-28,180,agricolae
2015-05-29,134,agricolae
2015-05-30,76,agricolae
2015-05-31,90,agricolae
2015-06-01,130,agricolae
2015-06-02,161,agricolae
2015-06-03,142,agricolae
2015-06-04,157,agricolae
2015-06-05,127,agricolae
2015-06-06,76,agricolae
2015-06-07,67,agricolae
2015-06-08,222,agricolae
2015-06-09,173,agricolae
2015-06-10,168,agricolae
2015-06-11,176,agricolae
2015-06-12,120,agricolae
2015-06-13,72,agricolae
2015-06-14,87,agricolae
2015-06-15,157,agricolae
2015-06-16,220,agricolae
2015-06-17,192,agricolae
2015-06-18,188,agricolae
2015-06-19,136,agricolae
2015-06-20,80,agricolae
2015-06-21,62,agricolae
2015-06-22,120,agricolae
2015-06-23,192,agricolae
2015-06-24,119,agricolae
2015-06-25,97,agricolae
2015-06-26,85,agricolae
2015-06-27,63,agricolae
2015-06-28,56,agricolae
2015-06-29,153,agricolae
2015-06-30,145,agricolae
2015-07-01,128,agricolae
2015-07-02,109,agricolae
2015-07-03,79,agricolae
2015-07-04,66,agricolae
2015-07-05,71,agricolae
2015-07-06,137,agricolae
2015-07-07,110,agricolae
2015-07-08,136,agricolae
2015-07-09,142,agricolae
2015-07-10,91,agricolae
2015-07-11,39,agricolae
2015-07-12,34,agricolae
2015-07-13,94,agricolae
2015-07-14,100,agricolae
2015-07-15,86,agricolae
2015-07-16,99,agricolae
2015-07-17,61,agricolae
2015-07-18,53,agricolae
2015-07-19,39,agricolae
2015-07-20,149,agricolae
2015-07-21,83,agricolae
2015-07-22,100,agricolae
2015-07-23,118,agricolae
2015-07-24,129,agricolae
2015-07-25,61,agricolae
2015-07-26,44,agricolae
2015-07-27,81,agricolae
2015-07-28,142,agricolae
2015-07-29,76,agricolae
2015-07-30,96,agricolae
2015-07-31,71,agricolae
2015-08-01,50,agricolae
2015-08-02,24,agricolae
2015-08-03,70,agricolae
2015-08-04,172,agricolae
2015-08-05,84,agricolae
2015-08-06,103,agricolae
2015-08-07,107,agricolae
2015-08-08,62,agricolae
2015-08-09,53,agricolae
2015-08-10,81,agricolae
2015-08-11,89,agricolae
2015-08-12,102,agricolae
2015-08-13,101,agricolae
2015-08-14,193,agricolae
2015-08-15,133,agricolae
2015-08-16,89,agricolae
2015-08-17,229,agricolae
2015-08-18,177,agricolae
2015-08-19,176,agricolae
2015-08-20,170,agricolae
2015-08-21,157,agricolae
2015-08-22,83,agricolae
2015-08-23,63,agricolae
2015-08-24,150,agricolae
2015-08-25,127,agricolae
2015-08-26,136,agricolae
2015-08-27,158,agricolae
2015-08-28,140,agricolae
2015-08-29,55,agricolae
2015-08-30,55,agricolae
2015-08-31,187,agricolae
2015-09-01,163,agricolae
2015-09-02,255,agricolae
2015-09-03,186,agricolae
2015-09-04,204,agricolae
2015-09-05,65,agricolae
2015-09-06,69,agricolae
2015-09-07,149,agricolae
2015-09-08,130,agricolae
2015-09-09,233,agricolae
2015-09-10,196,agricolae
2015-09-11,106,agricolae
2015-09-12,95,agricolae
2015-09-13,79,agricolae
2015-09-14,163,agricolae
2015-09-15,197,agricolae
2015-09-16,182,agricolae
2015-09-17,181,agricolae
2015-09-18,157,agricolae
2015-09-19,74,agricolae
2015-09-20,77,agricolae
2015-09-21,227,agricolae
2015-09-22,185,agricolae
2015-09-23,194,agricolae
2015-09-24,219,agricolae
2015-09-25,169,agricolae
2015-09-26,94,agricolae
2015-09-27,96,agricolae
2015-09-28,180,agricolae
2015-09-29,200,agricolae
2015-09-30,228,agricolae
2015-10-01,269,agricolae
2015-10-02,238,agricolae
2015-10-03,112,agricolae
2015-10-04,98,agricolae
2015-10-05,338,agricolae
2015-10-06,269,agricolae
2015-10-07,389,agricolae
2015-10-08,394,agricolae
2015-10-09,268,agricolae
2015-10-10,143,agricolae
2015-10-11,124,agricolae
2015-10-12,221,agricolae
2015-10-13,512,agricolae
2015-10-14,350,agricolae
2015-10-15,382,agricolae
2015-10-16,346,agricolae
2015-10-17,175,agricolae
2015-10-18,169,agricolae
2015-10-19,342,agricolae
2015-10-20,470,agricolae
2015-10-21,334,agricolae
2015-10-22,282,agricolae
2015-10-23,256,agricolae
2015-10-24,108,agricolae
2015-10-25,114,agricolae
2015-10-26,346,agricolae
2015-10-27,290,agricolae
2015-10-28,216,agricolae
2015-10-29,200,agricolae
2015-10-30,226,agricolae
2015-10-31,115,agricolae
2015-11-01,100,agricolae
2015-11-02,223,agricolae
2015-11-03,261,agricolae
2015-11-04,252,agricolae
2015-11-05,434,agricolae
2015-11-06,283,agricolae
2015-11-07,138,agricolae
2015-11-08,122,agricolae
2015-11-09,429,agricolae
2015-11-10,344,agricolae
2015-11-11,270,agricolae
2015-11-12,265,agricolae
2015-11-13,205,agricolae
2015-11-14,81,agricolae
2015-11-15,74,agricolae
2015-11-16,230,agricolae
2015-11-17,236,agricolae
2015-11-18,185,agricolae
2015-11-19,233,agricolae
2015-11-20,174,agricolae
2015-11-21,154,agricolae
2015-11-22,124,agricolae
2015-11-23,257,agricolae
2015-11-24,256,agricolae
2015-11-25,236,agricolae
2015-11-26,269,agricolae
2015-11-27,253,agricolae
2015-11-28,129,agricolae
2015-11-29,88,agricolae
2015-11-30,268,agricolae
2015-12-01,259,agricolae
2015-12-02,198,agricolae
2015-12-03,225,agricolae
2015-12-04,252,agricolae
2015-12-05,111,agricolae
2015-12-06,114,agricolae
2015-12-07,175,agricolae
2015-12-08,191,agricolae
2015-12-09,363,agricolae
2015-12-10,259,agricolae
2015-12-11,143,agricolae
2015-12-12,94,agricolae
2015-12-13,87,agricolae
2015-12-14,200,agricolae
2015-12-15,231,agricolae
2015-12-16,193,agricolae
2015-12-17,211,agricolae
2015-12-18,106,agricolae
2015-12-19,36,agricolae
2015-12-20,83,agricolae
2015-12-21,125,agricolae
2015-12-22,96,agricolae
2015-12-23,86,agricolae
2015-12-24,39,agricolae
2015-12-25,31,agricolae
2015-12-26,27,agricolae
2015-12-27,77,agricolae
2015-12-28,57,agricolae
2015-12-29,73,agricolae
2015-12-30,79,agricolae
2015-12-31,33,agricolae
2016-01-01,20,agricolae
2016-01-02,45,agricolae
2016-01-03,37,agricolae
2016-01-04,110,agricolae
2016-01-05,124,agricolae
2016-01-06,141,agricolae
2016-01-07,195,agricolae
2016-01-08,169,agricolae
2016-01-09,117,agricolae
2016-01-10,84,agricolae
2016-01-11,140,agricolae
2016-01-12,179,agricolae
2016-01-13,166,agricolae
2016-01-14,169,agricolae
2016-01-15,235,agricolae
2016-01-16,69,agricolae
2016-01-17,73,agricolae
2016-01-18,210,agricolae
2016-01-19,259,agricolae
2016-01-20,220,agricolae
2016-01-21,266,agricolae
2016-01-22,209,agricolae
2016-01-23,116,agricolae
2016-01-24,98,agricolae
2016-01-25,234,agricolae
2016-01-26,225,agricolae
2016-01-27,282,agricolae
2016-01-28,287,agricolae
2016-01-29,179,agricolae
2016-01-30,83,agricolae
2016-01-31,108,agricolae
2016-02-01,220,agricolae
2016-02-02,271,agricolae
2016-02-03,226,agricolae
2016-02-04,207,agricolae
2016-02-05,229,agricolae
2016-02-06,110,agricolae
2016-02-07,87,agricolae
2016-02-08,267,agricolae
2016-02-09,305,agricolae
2016-02-10,197,agricolae
2016-02-11,188,agricolae
2016-02-12,165,agricolae
2016-02-13,63,agricolae
2016-02-14,123,agricolae
2016-02-15,298,agricolae
2016-02-16,235,agricolae
2016-02-17,223,agricolae
2016-02-18,269,agricolae
2016-02-19,450,agricolae
2016-02-20,123,agricolae
2016-02-21,157,agricolae
2016-02-22,331,agricolae
2016-02-23,258,agricolae
2016-02-24,331,agricolae
2016-02-25,289,agricolae
2016-02-26,285,agricolae
2016-02-27,108,agricolae
2016-02-28,97,agricolae
2016-02-29,281,agricolae
2016-03-01,343,agricolae
2016-03-02,359,agricolae
2016-03-03,212,agricolae
2016-03-04,211,agricolae
2016-03-05,86,agricolae
2016-03-06,89,agricolae
2016-03-07,239,agricolae
2016-03-08,272,agricolae
2016-03-09,218,agricolae
2016-03-10,229,agricolae
2016-03-11,207,agricolae
2016-03-12,94,agricolae
2016-03-13,69,agricolae
2016-03-14,246,agricolae
2016-03-15,325,agricolae
2016-03-16,249,agricolae
2016-03-17,181,agricolae
2016-03-18,218,agricolae
2016-03-19,84,agricolae
2016-03-20,84,agricolae
2016-03-21,216,agricolae
2016-03-22,176,agricolae
2016-03-23,207,agricolae
2016-03-24,159,agricolae
2016-03-25,111,agricolae
2016-03-26,70,agricolae
2016-03-27,70,agricolae
2016-03-28,141,agricolae
2016-03-29,196,agricolae
2016-03-30,267,agricolae
2016-03-31,316,agricolae
2016-04-01,179,agricolae
2016-04-02,111,agricolae
2016-04-03,106,agricolae
2016-04-04,218,agricolae
2016-04-05,180,agricolae
2016-04-06,190,agricolae
2016-04-07,243,agricolae
2016-04-08,283,agricolae
2016-04-09,107,agricolae
2016-04-10,125,agricolae
2016-04-11,237,agricolae
2016-04-12,220,agricolae
2016-04-13,217,agricolae
2016-04-14,289,agricolae
2016-04-15,347,agricolae
2016-04-16,97,agricolae
2016-04-17,91,agricolae
2016-04-18,196,agricolae
2016-04-19,212,agricolae
2016-04-20,239,agricolae
2016-04-21,239,agricolae
2016-04-22,336,agricolae
2016-04-23,182,agricolae
2016-04-24,97,agricolae
2016-04-25,204,agricolae
2016-04-26,197,agricolae
2016-04-27,241,agricolae
2016-04-28,268,agricolae
2016-04-29,311,agricolae
2016-04-30,137,agricolae
2016-05-01,125,agricolae
2016-05-02,322,agricolae
2016-05-03,381,agricolae
2016-05-04,337,agricolae
2016-05-05,324,agricolae
2016-05-06,289,agricolae
2016-05-07,170,agricolae
2016-05-08,92,agricolae
2016-05-09,218,agricolae
2016-05-10,236,agricolae
2016-05-11,301,agricolae
2016-05-12,261,agricolae
2016-05-13,261,agricolae
2016-05-14,109,agricolae
2016-05-15,128,agricolae
2016-05-16,219,agricolae
2016-05-17,389,agricolae
2016-05-18,370,agricolae
2016-05-19,418,agricolae
2016-05-20,313,agricolae
2016-05-21,97,agricolae
2016-05-22,123,agricolae
2016-05-23,317,agricolae
2016-05-24,410,agricolae
2016-05-25,307,agricolae
2016-05-26,332,agricolae
2016-05-27,207,agricolae
2016-05-28,237,agricolae
2016-05-29,145,agricolae
2016-05-30,210,agricolae
2016-05-31,390,agricolae
2016-06-01,327,agricolae
2016-06-02,332,agricolae
2016-06-03,393,agricolae
2016-06-04,105,agricolae
2016-06-05,112,agricolae
2016-06-06,254,agricolae
2016-06-07,340,agricolae
2016-06-08,191,agricolae
2016-06-09,203,agricolae
2016-06-10,214,agricolae
2016-06-11,149,agricolae
2016-06-12,111,agricolae
2016-06-13,377,agricolae
2016-06-14,428,agricolae
2016-06-15,369,agricolae
2016-06-16,320,agricolae
2016-06-17,271,agricolae
2016-06-18,132,agricolae
2016-06-19,136,agricolae
2016-06-20,275,agricolae
2016-06-21,278,agricolae
2016-06-22,303,agricolae
2016-06-23,307,agricolae
2016-06-24,265,agricolae
2016-06-25,84,agricolae
2016-06-26,93,agricolae
2016-06-27,217,agricolae
2016-06-28,324,agricolae
2016-06-29,281,agricolae
2016-06-30,216,agricolae
2016-07-01,215,agricolae
2016-07-02,99,agricolae
2016-07-03,86,agricolae
2016-07-04,188,agricolae
2016-07-05,275,agricolae
2016-07-06,250,agricolae
2016-07-07,247,agricolae
2016-07-08,215,agricolae
2016-07-09,100,agricolae
2016-07-10,124,agricolae
2016-07-11,199,agricolae
2016-07-12,213,agricolae
2016-07-13,185,agricolae
2016-07-14,229,agricolae
2016-07-15,192,agricolae
2016-07-16,61,agricolae
2016-07-17,90,agricolae
2016-07-18,219,agricolae
2016-07-19,164,agricolae
2016-07-20,227,agricolae
2016-07-21,199,agricolae
2016-07-22,204,agricolae
2016-07-23,76,agricolae
2016-07-24,142,agricolae
2016-07-25,228,agricolae
2016-07-26,266,agricolae
2016-07-27,243,agricolae
2016-07-28,210,agricolae
2016-07-29,210,agricolae
2016-07-30,100,agricolae
2016-07-31,55,agricolae
2016-08-01,134,agricolae
2016-08-02,170,agricolae
2016-08-03,252,agricolae
2016-08-04,184,agricolae
2016-08-05,222,agricolae
2016-08-06,95,agricolae
2016-08-07,87,agricolae
2016-08-08,192,agricolae
2016-08-09,185,agricolae
2016-08-10,188,agricolae
2016-08-11,172,agricolae
2016-08-12,146,agricolae
2016-08-13,71,agricolae
2016-08-14,81,agricolae
2016-08-15,167,agricolae
2016-08-16,158,agricolae
2016-08-17,228,agricolae
2016-08-18,221,agricolae
2016-08-19,153,agricolae
2016-08-20,65,agricolae
2016-08-21,94,agricolae
2016-08-22,234,agricolae
2016-08-23,269,agricolae
2016-08-24,242,agricolae
2016-08-25,234,agricolae
2016-08-26,220,agricolae
2016-08-27,83,agricolae
2016-08-28,78,agricolae
2016-08-29,263,agricolae
2016-08-30,251,agricolae
2016-08-31,216,agricolae
2016-09-01,255,agricolae
2016-09-02,230,agricolae
2016-09-03,132,agricolae
2016-09-04,97,agricolae
2016-09-05,207,agricolae
2016-09-06,255,agricolae
2016-09-07,303,agricolae
2016-09-08,289,agricolae
2016-09-09,237,agricolae
2016-09-10,89,agricolae
2016-09-11,175,agricolae
2016-09-12,338,agricolae
2016-09-13,367,agricolae
2016-09-14,319,agricolae
2016-09-15,561,agricolae
2016-09-16,238,agricolae
2016-09-17,114,agricolae
2016-09-18,134,agricolae
2016-09-19,366,agricolae
2016-09-20,323,agricolae
2016-09-21,426,agricolae
2016-09-22,334,agricolae
2016-09-23,207,agricolae
2016-09-24,107,agricolae
2016-09-25,145,agricolae
2016-09-26,373,agricolae
2016-09-27,346,agricolae
2016-09-28,394,agricolae
2016-09-29,340,agricolae
2016-09-30,264,agricolae
2016-10-01,104,agricolae
2016-10-02,133,agricolae
2016-10-03,342,agricolae
2016-10-04,361,agricolae
2016-10-05,411,agricolae
2016-10-06,474,agricolae
2016-10-07,304,agricolae
2016-10-08,133,agricolae
2016-10-09,177,agricolae
2016-10-10,298,agricolae
2016-10-11,307,agricolae
2016-10-12,295,agricolae
2016-10-13,384,agricolae
2016-10-14,263,agricolae
2016-10-15,195,agricolae
2016-10-16,136,agricolae
2016-10-17,355,agricolae
2016-10-18,429,agricolae
2016-10-19,433,agricolae
2016-10-20,355,agricolae
2016-10-21,337,agricolae
2016-10-22,169,agricolae
2016-10-23,183,agricolae
2016-10-24,324,agricolae
2016-10-25,434,agricolae
2016-10-26,290,agricolae
2016-10-27,379,agricolae
2016-10-28,403,agricolae
2016-10-29,111,agricolae
2016-10-30,187,agricolae
2016-10-31,367,agricolae
2016-11-01,371,agricolae
2016-11-02,360,agricolae
2016-11-03,494,agricolae
2016-11-04,419,agricolae
2016-11-05,172,agricolae
2016-11-06,192,agricolae
2016-11-07,411,agricolae
2016-11-08,502,agricolae
2016-11-09,345,agricolae
2016-11-10,473,agricolae
2016-11-11,346,agricolae
2016-11-12,157,agricolae
2016-11-13,196,agricolae
2016-11-14,362,agricolae
2016-11-15,478,agricolae
2016-11-16,479,agricolae
2016-11-17,535,agricolae
2016-11-18,546,agricolae
2016-11-19,144,agricolae
2016-11-20,203,agricolae
2016-11-21,291,agricolae
2016-11-22,368,agricolae
2016-11-23,385,agricolae
2016-11-24,194,agricolae
2016-11-25,245,agricolae
2016-11-26,137,agricolae
2016-11-27,164,agricolae
2016-11-28,253,agricolae
2016-11-29,347,agricolae
2016-11-30,422,agricolae
2016-12-01,367,agricolae
2016-12-02,298,agricolae
2016-12-03,202,agricolae
2016-12-04,174,agricolae
2016-12-05,492,agricolae
2016-12-06,371,agricolae
2016-12-07,327,agricolae
2016-12-08,281,agricolae
2016-12-09,234,agricolae
2016-12-10,146,agricolae
2016-12-11,118,agricolae
2016-12-12,326,agricolae
2016-12-13,351,agricolae
2016-12-14,309,agricolae
2016-12-15,242,agricolae
2016-12-16,232,agricolae
2016-12-17,79,agricolae
2016-12-18,105,agricolae
2016-12-19,249,agricolae
2016-12-20,187,agricolae
2016-12-21,175,agricolae
2016-12-22,189,agricolae
2016-12-23,116,agricolae
2016-12-24,57,agricolae
2016-12-25,34,agricolae
2016-12-26,84,agricolae
2016-12-27,122,agricolae
2016-12-28,134,agricolae
2016-12-29,135,agricolae
2016-12-30,87,agricolae
2016-12-31,36,agricolae
2017-01-01,58,agricolae
2017-01-02,117,agricolae
2017-01-03,174,agricolae
2017-01-04,185,agricolae
2017-01-05,184,agricolae
2017-01-06,162,agricolae
2017-01-07,87,agricolae
2017-01-08,89,agricolae
2017-01-09,325,agricolae
2017-01-10,255,agricolae
2017-01-11,265,agricolae
2017-01-12,326,agricolae
2017-01-13,203,agricolae
2017-01-14,116,agricolae
2017-01-15,123,agricolae
2017-01-16,294,agricolae
2017-01-17,282,agricolae
2017-01-18,364,agricolae
2017-01-19,409,agricolae
2017-01-20,294,agricolae
2017-01-21,159,agricolae
2017-01-22,171,agricolae
2017-01-23,258,agricolae
2017-01-24,367,agricolae
2017-01-25,271,agricolae
2017-01-26,313,agricolae
2017-01-27,289,agricolae
2017-01-28,131,agricolae
2017-01-29,161,agricolae
2017-01-30,334,agricolae
2017-01-31,281,agricolae
2017-02-01,324,agricolae
2017-02-02,368,agricolae
2017-02-03,263,agricolae
2017-02-04,116,agricolae
2017-02-05,121,agricolae
2017-02-06,275,agricolae
2017-02-07,357,agricolae
2017-02-08,301,agricolae
2017-02-09,389,agricolae
2017-02-10,218,agricolae
2017-02-11,93,agricolae
2017-02-12,173,agricolae
2017-02-13,370,agricolae
2017-02-14,351,agricolae
2017-02-15,327,agricolae
2017-02-16,558,agricolae
2017-02-17,531,agricolae
2017-02-18,146,agricolae
2017-02-19,175,agricolae
2017-02-20,308,agricolae
2017-02-21,399,agricolae
2017-02-22,663,agricolae
2017-02-23,500,agricolae
2017-02-24,442,agricolae
2017-02-25,182,agricolae
2017-02-26,142,agricolae
2017-02-27,347,agricolae
2017-02-28,352,agricolae
2017-03-01,185,agricolae
2017-03-02,512,agricolae
2017-03-03,400,agricolae
2017-03-04,235,agricolae
2017-03-05,177,agricolae
2017-03-06,428,agricolae
2017-03-07,390,agricolae
2017-03-08,410,agricolae
2017-03-09,453,agricolae
2017-03-10,371,agricolae
2017-03-11,163,agricolae
2017-03-12,177,agricolae
2017-03-13,437,agricolae
2017-03-14,469,agricolae
2017-03-15,345,agricolae
2017-03-16,455,agricolae
2017-03-17,306,agricolae
2017-03-18,174,agricolae
2017-03-19,161,agricolae
2017-03-20,342,agricolae
2017-03-21,410,agricolae
2017-03-22,365,agricolae
2017-03-23,412,agricolae
2017-03-24,309,agricolae
2017-03-25,156,agricolae
2017-03-26,200,agricolae
2017-03-27,537,agricolae
2017-03-28,493,agricolae
2017-03-29,566,agricolae
2017-03-30,589,agricolae
2017-03-31,542,agricolae
2017-04-01,209,agricolae
2017-04-02,240,agricolae
2017-04-03,594,agricolae
2017-04-04,589,agricolae
2017-04-05,547,agricolae
2017-04-06,418,agricolae
2017-04-07,460,agricolae
2017-04-08,167,agricolae
2017-04-09,177,agricolae
2017-04-10,369,agricolae
2017-04-11,394,agricolae
2017-04-12,427,agricolae
2017-04-13,329,agricolae
2017-04-14,203,agricolae
2017-04-15,139,agricolae
2017-04-16,152,agricolae
2017-04-17,234,agricolae
2017-04-18,376,agricolae
2017-04-19,338,agricolae
2017-04-20,582,agricolae
2017-04-21,331,agricolae
2017-04-22,216,agricolae
2017-04-23,231,agricolae
2017-04-24,428,agricolae
2017-04-25,566,agricolae
2017-04-26,385,agricolae
2017-04-27,407,agricolae
2017-04-28,442,agricolae
2017-04-29,210,agricolae
2017-04-30,193,agricolae
2017-05-01,359,agricolae
2017-05-02,387,agricolae
2017-05-03,523,agricolae
2017-05-04,377,agricolae
2017-05-05,484,agricolae
2017-05-06,256,agricolae
2017-05-07,176,agricolae
2017-05-08,380,agricolae
2017-05-09,452,agricolae
2017-05-10,505,agricolae
2017-05-11,513,agricolae
2017-05-12,490,agricolae
2017-05-13,201,agricolae
2017-05-14,180,agricolae
2017-05-15,392,agricolae
2017-05-16,544,agricolae
2017-05-17,528,agricolae
2017-05-18,406,agricolae
2017-05-19,400,agricolae
2017-05-20,142,agricolae
2017-05-21,186,agricolae
2017-05-22,447,agricolae
2017-05-23,432,agricolae
2017-05-24,581,agricolae
2017-05-25,337,agricolae
2017-05-26,281,agricolae
2017-05-27,176,agricolae
2017-05-28,156,agricolae
2017-05-29,343,agricolae
2017-05-30,383,agricolae
2017-05-31,375,agricolae
2017-06-01,360,agricolae
2017-06-02,277,agricolae
2017-06-03,162,agricolae
2017-06-04,140,agricolae
2017-06-05,328,agricolae
2017-06-06,376,agricolae
2017-06-07,390,agricolae
2017-06-08,612,agricolae
2017-06-09,264,agricolae
2017-06-10,143,agricolae
2017-06-11,162,agricolae
2017-06-12,326,agricolae
2017-06-13,350,agricolae
2017-06-14,434,agricolae
2017-06-15,390,agricolae
2017-06-16,243,agricolae
2017-06-17,147,agricolae
2017-06-18,163,agricolae
2017-06-19,386,agricolae
2017-06-20,349,agricolae
2017-06-21,371,agricolae
2017-06-22,318,agricolae
2017-06-23,266,agricolae
2017-06-24,115,agricolae
2017-06-25,125,agricolae
2017-06-26,306,agricolae
2017-06-27,297,agricolae
2017-06-28,309,agricolae
2017-06-29,260,agricolae
2017-06-30,203,agricolae
2017-07-01,91,agricolae
2017-07-02,113,agricolae
2017-07-03,234,agricolae
2017-07-04,294,agricolae
2017-07-05,294,agricolae
2017-07-06,244,agricolae
2017-07-07,268,agricolae
2017-07-08,111,agricolae
2017-07-09,133,agricolae
2017-07-10,252,agricolae
2017-07-11,258,agricolae
2017-07-12,262,agricolae
2017-07-13,204,agricolae
2017-07-14,207,agricolae
2017-07-15,92,agricolae
2017-07-16,77,agricolae
2017-07-17,194,agricolae
2017-07-18,248,agricolae
2017-07-19,381,agricolae
2017-07-20,276,agricolae
2017-07-21,272,agricolae
2017-07-22,117,agricolae
2017-07-23,91,agricolae
2017-07-24,248,agricolae
2017-07-25,248,agricolae
2017-07-26,2611,agricolae
2017-07-27,3109,agricolae
2017-07-28,356,agricolae
2017-07-29,144,agricolae
2017-07-30,151,agricolae
2017-07-31,361,agricolae
2017-08-01,351,agricolae
2017-08-02,386,agricolae
2017-08-03,294,agricolae
2017-08-04,232,agricolae
2017-08-05,1899,agricolae
2017-08-06,2981,agricolae
2017-08-07,300,agricolae
2017-08-08,330,agricolae
2017-08-09,316,agricolae
2017-08-10,310,agricolae
2017-08-11,292,agricolae
2017-08-12,117,agricolae
2017-08-13,178,agricolae
2017-08-14,292,agricolae
2017-08-15,302,agricolae
2017-08-16,334,agricolae
2017-08-17,340,agricolae
2017-08-18,484,agricolae
2017-08-19,190,agricolae
2017-08-20,173,agricolae
2017-08-21,298,agricolae
2017-08-22,346,agricolae
2017-08-23,447,agricolae
2017-08-24,434,agricolae
2017-08-25,399,agricolae
2017-08-26,245,agricolae
2017-08-27,124,agricolae
2017-08-28,267,agricolae
2017-08-29,553,agricolae
2017-08-30,491,agricolae
2017-08-31,458,agricolae
2017-09-01,830,agricolae
2017-09-02,2730,agricolae
2017-09-03,305,agricolae
2017-09-04,530,agricolae
2017-09-05,553,agricolae
2017-09-06,593,agricolae
2017-09-07,495,agricolae
2017-09-08,366,agricolae
2017-09-09,153,agricolae
2017-09-10,227,agricolae
2017-09-11,507,agricolae
2017-09-12,811,agricolae
2017-09-13,4214,agricolae
2017-09-14,2031,agricolae
2017-09-15,429,agricolae
2017-09-16,274,agricolae
2017-09-17,214,agricolae
2017-09-18,487,agricolae
2017-09-19,551,agricolae
2017-09-20,689,agricolae
2017-09-21,738,agricolae
2017-09-22,384,agricolae
2017-09-23,256,agricolae
2017-09-24,236,agricolae
2017-09-25,535,agricolae
2017-09-26,578,agricolae
2017-09-27,698,agricolae
2017-09-28,560,agricolae
2017-09-29,456,agricolae
2017-09-30,221,agricolae
2017-10-01,297,agricolae
2017-10-02,494,agricolae
2017-10-03,521,agricolae
2017-10-04,623,agricolae
2017-10-05,489,agricolae
2017-10-06,479,agricolae
2017-10-07,247,agricolae
2017-10-08,223,agricolae
2017-10-09,445,agricolae
2017-10-10,562,agricolae
2017-10-11,491,agricolae
2017-10-12,423,agricolae
2017-10-13,465,agricolae
2017-10-14,290,agricolae
2017-10-15,275,agricolae
2017-10-16,670,agricolae
2017-10-17,535,agricolae
2017-10-18,485,agricolae
2017-10-19,642,agricolae
2017-10-20,408,agricolae
2017-10-21,303,agricolae
2017-10-22,312,agricolae
2017-10-23,544,agricolae
2017-10-24,601,agricolae
2017-10-25,428,agricolae
2017-10-26,548,agricolae
2017-10-27,515,agricolae
2017-10-28,238,agricolae
2017-10-29,203,agricolae
2017-10-30,666,agricolae
2017-10-31,550,agricolae
2017-11-01,528,agricolae
2017-11-02,533,agricolae
2017-11-03,609,agricolae
2017-11-04,243,agricolae
2017-11-05,269,agricolae
2017-11-06,661,agricolae
2017-11-07,712,agricolae
2017-11-08,739,agricolae
2017-11-09,593,agricolae
2017-11-10,480,agricolae
2017-11-11,229,agricolae
2017-11-12,249,agricolae
2017-11-13,709,agricolae
2017-11-14,648,agricolae
2017-11-15,630,agricolae
2017-11-16,572,agricolae
2017-11-17,614,agricolae
2017-11-18,206,agricolae
2017-11-19,272,agricolae
2017-11-20,595,agricolae
2017-11-21,567,agricolae
2017-11-22,572,agricolae
2017-11-23,466,agricolae
2017-11-24,307,agricolae
2017-11-25,274,agricolae
2017-11-26,257,agricolae
2017-11-27,520,agricolae
2017-11-28,645,agricolae
2017-11-29,636,agricolae
2017-11-30,638,agricolae
2017-12-01,507,agricolae
2017-12-02,256,agricolae
2017-12-03,241,agricolae
2017-12-04,507,agricolae
2017-12-05,635,agricolae
2017-12-06,396,agricolae
2017-12-07,416,agricolae
2017-12-08,329,agricolae
2017-12-09,231,agricolae
2017-12-10,248,agricolae
2017-12-11,436,agricolae
2017-12-12,435,agricolae
2017-12-13,478,agricolae
2017-12-14,499,agricolae
2017-12-15,336,agricolae
2017-12-16,178,agricolae
2017-12-17,209,agricolae
2017-12-18,327,agricolae
2017-12-19,299,agricolae
2017-12-20,332,agricolae
2017-12-21,246,agricolae
2017-12-22,182,agricolae
2017-12-23,95,agricolae
2017-12-24,89,agricolae
2017-12-25,94,agricolae
2017-12-26,161,agricolae
2017-12-27,155,agricolae
2017-12-28,155,agricolae
2017-12-29,143,agricolae
2017-12-30,109,agricolae
2017-12-31,76,agricolae
2018-01-01,72,agricolae
2018-01-02,165,agricolae
2018-01-03,294,agricolae
2018-01-04,238,agricolae
2018-01-05,238,agricolae
2018-01-06,92,agricolae
2018-01-07,157,agricolae
2018-01-08,245,agricolae
2018-01-09,317,agricolae
2018-01-10,285,agricolae
2018-01-11,345,agricolae
2018-01-12,260,agricolae
2018-01-13,128,agricolae
2018-01-14,176,agricolae
2018-01-15,292,agricolae
2018-01-16,377,agricolae
2018-01-17,448,agricolae
2018-01-18,325,agricolae
2018-01-19,369,agricolae
2018-01-20,194,agricolae
2018-01-21,138,agricolae
2018-01-22,391,agricolae
2018-01-23,387,agricolae
2018-01-24,398,agricolae
2018-01-25,400,agricolae
2018-01-26,361,agricolae
2018-01-27,205,agricolae
2018-01-28,171,agricolae
2018-01-29,414,agricolae
2018-01-30,389,agricolae
2018-01-31,384,agricolae
2018-02-01,439,agricolae
2018-02-02,335,agricolae
2018-02-03,214,agricolae
2018-02-04,215,agricolae
2018-02-05,433,agricolae
2018-02-06,402,agricolae
2018-02-07,407,agricolae
2018-02-08,515,agricolae
2018-02-09,342,agricolae
2018-02-10,133,agricolae
2018-02-11,228,agricolae
2018-02-12,367,agricolae
2018-02-13,462,agricolae
2018-02-14,471,agricolae
2018-02-15,613,agricolae
2018-02-16,284,agricolae
2018-02-17,240,agricolae
2018-02-18,182,agricolae
2018-02-19,417,agricolae
2018-02-20,582,agricolae
2018-02-21,601,agricolae
2018-02-22,608,agricolae
2018-02-23,507,agricolae
2018-02-24,159,agricolae
2018-02-25,179,agricolae
2018-02-26,448,agricolae
2018-02-27,447,agricolae
2018-02-28,542,agricolae
2018-03-01,548,agricolae
2018-03-02,489,agricolae
2018-03-03,204,agricolae
2018-03-04,289,agricolae
2018-03-05,428,agricolae
2018-03-06,518,agricolae
2018-03-07,491,agricolae
2018-03-08,452,agricolae
2018-03-09,468,agricolae
2018-03-10,252,agricolae
2018-03-11,175,agricolae
2018-03-12,450,agricolae
2018-03-13,522,agricolae
2018-03-14,376,agricolae
2018-03-15,460,agricolae
2018-03-16,406,agricolae
2018-03-17,230,agricolae
2018-03-18,209,agricolae
2018-03-19,460,agricolae
2018-03-20,424,agricolae
2018-03-21,573,agricolae
2018-03-22,429,agricolae
2018-03-23,393,agricolae
2018-03-24,194,agricolae
2018-03-25,223,agricolae
2018-03-26,474,agricolae
2018-03-27,496,agricolae
2018-03-28,514,agricolae
2018-03-29,435,agricolae
2018-03-30,251,agricolae
2018-03-31,181,agricolae
2018-04-01,201,agricolae
2018-04-02,537,agricolae
2018-04-03,504,agricolae
2018-04-04,613,agricolae
2018-04-05,526,agricolae
2018-04-06,466,agricolae
2018-04-07,300,agricolae
2018-04-08,274,agricolae
2018-04-09,488,agricolae
2018-04-10,443,agricolae
2018-04-11,497,agricolae
2018-04-12,650,agricolae
2018-04-13,662,agricolae
2018-04-14,382,agricolae
2018-04-15,326,agricolae
2018-04-16,618,agricolae
2018-04-17,619,agricolae
2018-04-18,472,agricolae
2018-04-19,617,agricolae
2018-04-20,613,agricolae
2018-04-21,337,agricolae
2018-04-22,281,agricolae
2018-04-23,565,agricolae
2018-04-24,735,agricolae
2018-04-25,789,agricolae
2018-04-26,561,agricolae
2018-04-27,490,agricolae
2018-04-28,325,agricolae
2018-04-29,272,agricolae
2018-04-30,492,agricolae
2018-05-01,433,agricolae
2018-05-02,711,agricolae
2018-05-03,680,agricolae
2018-05-04,528,agricolae
2018-05-05,274,agricolae
2018-05-06,278,agricolae
2018-05-07,459,agricolae
2018-05-08,515,agricolae
2018-05-09,553,agricolae
2018-05-10,484,agricolae
2018-05-11,499,agricolae
2018-05-12,297,agricolae
2018-05-13,256,agricolae
2018-05-14,547,agricolae
2018-05-15,499,agricolae
2018-05-16,498,agricolae
2018-05-17,559,agricolae
2018-05-18,497,agricolae
2018-05-19,245,agricolae
2018-05-20,264,agricolae
2018-05-21,453,agricolae
2018-05-22,671,agricolae
2018-05-23,633,agricolae
2018-05-24,714,agricolae
2018-05-25,525,agricolae
2018-05-26,241,agricolae
2018-05-27,282,agricolae
2018-05-28,484,agricolae
2018-05-29,612,agricolae
2018-05-30,519,agricolae
2018-05-31,444,agricolae
2018-06-01,449,agricolae
2018-06-02,240,agricolae
2018-06-03,209,agricolae
2018-06-04,493,agricolae
2018-06-05,510,agricolae
2018-06-06,614,agricolae
2018-06-07,471,agricolae
2018-06-08,403,agricolae
2018-06-09,245,agricolae
2018-06-10,174,agricolae
2018-06-11,577,agricolae
2018-06-12,421,agricolae
2018-06-13,525,agricolae
2018-06-14,593,agricolae
2018-06-15,304,agricolae
2018-06-16,199,agricolae
2018-06-17,183,agricolae
2018-06-18,420,agricolae
2018-06-19,540,agricolae
2018-06-20,532,agricolae
2018-06-21,467,agricolae
2018-06-22,327,agricolae
2018-06-23,229,agricolae
2018-06-24,249,agricolae
2018-06-25,482,agricolae
2018-06-26,529,agricolae
2018-06-27,490,agricolae
2018-06-28,369,agricolae
2018-06-29,326,agricolae
2018-06-30,205,agricolae
2018-07-01,219,agricolae
2018-07-02,391,agricolae
2018-07-03,347,agricolae
2018-07-04,379,agricolae
2018-07-05,426,agricolae
2018-07-06,300,agricolae
2018-07-07,136,agricolae
2018-07-08,151,agricolae
2018-07-09,473,agricolae
2018-07-10,469,agricolae
2018-07-11,405,agricolae
2018-07-12,274,agricolae
2018-07-13,313,agricolae
2018-07-14,244,agricolae
2018-07-15,139,agricolae
2018-07-16,376,agricolae
2018-07-17,370,agricolae
2018-07-18,410,agricolae
2018-07-19,394,agricolae
2018-07-20,346,agricolae
2018-07-21,153,agricolae
2018-07-22,218,agricolae
2018-07-23,384,agricolae
2018-07-24,425,agricolae
2018-07-25,301,agricolae
2018-07-26,325,agricolae
2018-07-27,316,agricolae
2018-07-28,138,agricolae
2018-07-29,147,agricolae
2018-07-30,347,agricolae
2018-07-31,381,agricolae
2018-08-01,317,agricolae
2018-08-02,420,agricolae
2018-08-03,352,agricolae
2018-08-04,193,agricolae
2018-08-05,162,agricolae
2018-08-06,401,agricolae
2018-08-07,342,agricolae
2018-08-08,424,agricolae
2018-08-09,463,agricolae
2018-08-10,501,agricolae
2018-08-11,256,agricolae
2018-08-12,207,agricolae
2018-08-13,341,agricolae
2018-08-14,403,agricolae
2018-08-15,354,agricolae
2018-08-16,353,agricolae
2018-08-17,398,agricolae
2018-08-18,233,agricolae
2018-08-19,145,agricolae
2018-08-20,363,agricolae
2018-08-21,471,agricolae
2018-08-22,551,agricolae
2018-08-23,452,agricolae
2018-08-24,411,agricolae
2018-08-25,163,agricolae
2018-08-26,163,agricolae
2018-08-27,494,agricolae
2018-08-28,649,agricolae
2018-08-29,503,agricolae
2018-08-30,583,agricolae
2018-08-31,368,agricolae
2018-09-01,238,agricolae
2018-09-02,166,agricolae
2018-09-03,437,agricolae
2018-09-04,449,agricolae
2018-09-05,592,agricolae
2018-09-06,545,agricolae
2018-09-07,417,agricolae
2018-09-08,252,agricolae
2018-09-09,309,agricolae
2018-09-10,789,agricolae
2018-09-11,856,agricolae
2018-09-12,921,agricolae
2018-09-13,814,agricolae
2018-09-14,574,agricolae
2018-09-15,257,agricolae
2018-09-16,247,agricolae
2018-09-17,795,agricolae
2018-09-18,733,agricolae
2018-09-19,762,agricolae
2018-09-20,857,agricolae
2018-09-21,669,agricolae
2018-09-22,337,agricolae
2018-09-23,395,agricolae
2018-09-24,737,agricolae
2018-09-25,842,agricolae
2018-09-26,921,agricolae
2018-09-27,861,agricolae
2018-09-28,672,agricolae
2018-09-29,279,agricolae
2018-09-30,266,agricolae
2018-10-01,692,agricolae
2018-10-02,602,agricolae
2018-10-03,809,agricolae
2018-10-04,744,agricolae
2018-10-05,594,agricolae
2018-10-06,307,agricolae
2018-10-07,224,agricolae
2018-10-08,674,agricolae
2018-10-09,752,agricolae
2018-10-10,911,agricolae
2018-10-11,954,agricolae
2018-10-12,527,agricolae
2018-10-13,265,agricolae
2018-10-14,240,agricolae
2018-10-15,812,agricolae
2018-10-16,608,agricolae
2018-10-17,734,agricolae
2018-10-18,666,agricolae
2018-10-19,649,agricolae
2018-10-20,257,agricolae
2018-10-21,275,agricolae
2018-10-22,731,agricolae
2018-10-23,655,agricolae
2018-10-24,794,agricolae
2018-10-25,867,agricolae
2018-10-26,823,agricolae
2018-10-27,234,agricolae
2018-10-28,257,agricolae
2018-10-29,796,agricolae
2018-10-30,914,agricolae
2018-10-31,865,agricolae
2018-11-01,697,agricolae
2018-11-02,557,agricolae
2018-11-03,343,agricolae
2018-11-04,389,agricolae
2018-11-05,715,agricolae
2018-11-06,774,agricolae
2018-11-07,655,agricolae
2018-11-08,710,agricolae
2018-11-09,582,agricolae
2018-11-10,302,agricolae
2018-11-11,320,agricolae
2018-11-12,653,agricolae
2018-11-13,735,agricolae
2018-11-14,771,agricolae
2018-11-15,765,agricolae
2018-11-16,633,agricolae
2018-11-17,303,agricolae
2018-11-18,309,agricolae
2018-11-19,556,agricolae
2018-11-20,644,agricolae
2018-11-21,756,agricolae
2018-11-22,555,agricolae
2018-11-23,445,agricolae
2018-11-24,328,agricolae
2018-11-25,285,agricolae
2018-11-26,718,agricolae
2018-11-27,1000,agricolae
2018-11-28,936,agricolae
2018-11-29,697,agricolae
2018-11-30,561,agricolae
2018-12-01,307,agricolae
2018-12-02,299,agricolae
2018-12-03,779,agricolae
2018-12-04,754,agricolae
2018-12-05,571,agricolae
2018-12-06,681,agricolae
2018-12-07,404,agricolae
2018-12-08,271,agricolae
2018-12-09,289,agricolae
2018-12-10,582,agricolae
2018-12-11,602,agricolae
2018-12-12,626,agricolae
2018-12-13,446,agricolae
2018-12-14,419,agricolae
2018-12-15,257,agricolae
2018-12-16,260,agricolae
2018-12-17,400,agricolae
2018-12-18,516,agricolae
2018-12-19,663,agricolae
2018-12-20,594,agricolae
2018-12-21,382,agricolae
2018-12-22,128,agricolae
2018-12-23,143,agricolae
2018-12-24,225,agricolae
2018-12-25,155,agricolae
2018-12-26,231,agricolae
2018-12-27,213,agricolae
2018-12-28,194,agricolae
2018-12-29,150,agricolae
2018-12-30,144,agricolae
2018-12-31,176,agricolae
2019-01-01,181,agricolae
2019-01-02,306,agricolae
2019-01-03,300,agricolae
2019-01-04,299,agricolae
2019-01-05,195,agricolae
2019-01-06,205,agricolae
2019-01-07,1028,agricolae
2019-01-08,2731,agricolae
2019-01-09,836,agricolae
2019-01-10,680,agricolae
2019-01-11,534,agricolae
2019-01-12,330,agricolae
2019-01-13,314,agricolae
2019-01-14,625,agricolae
2019-01-15,770,agricolae
2019-01-16,658,agricolae
2019-01-17,612,agricolae
2019-01-18,638,agricolae
2019-01-19,296,agricolae
2019-01-20,261,agricolae
2019-01-21,673,agricolae
2019-01-22,706,agricolae
2019-01-23,867,agricolae
2019-01-24,775,agricolae
2019-01-25,546,agricolae
2019-01-26,313,agricolae
2019-01-27,347,agricolae
2019-01-28,569,agricolae
2019-01-29,504,agricolae
2019-01-30,535,agricolae
2019-01-31,553,agricolae
2019-02-01,674,agricolae
2019-02-02,216,agricolae
2019-02-03,267,agricolae
2019-02-04,620,agricolae
2019-02-05,657,agricolae
2019-02-06,623,agricolae
2019-02-07,666,agricolae
2019-02-08,473,agricolae
2019-02-09,213,agricolae
2019-02-10,242,agricolae
2019-02-11,661,agricolae
2019-02-12,750,agricolae
2019-02-13,774,agricolae
2019-02-14,760,agricolae
2019-02-15,684,agricolae
2019-02-16,308,agricolae
2019-02-17,326,agricolae
2019-02-18,683,agricolae
2019-02-19,830,agricolae
2019-02-20,807,agricolae
2019-02-21,643,agricolae
2019-02-22,1084,agricolae
2019-02-23,405,agricolae
2019-02-24,404,agricolae
2019-02-25,846,agricolae
2019-02-26,978,agricolae
2019-02-27,885,agricolae
2019-02-28,887,agricolae
2019-03-01,959,agricolae
2019-03-02,272,agricolae
2019-03-03,361,agricolae
2019-03-04,756,agricolae
2019-03-05,776,agricolae
2019-03-06,862,agricolae
2019-03-07,785,agricolae
2019-03-08,687,agricolae
2019-03-09,413,agricolae
2019-03-10,365,agricolae
2019-03-11,684,agricolae
2019-03-12,804,agricolae
2019-03-13,969,agricolae
2019-03-14,682,agricolae
2019-03-15,971,agricolae
2019-03-16,375,agricolae
2019-03-17,343,agricolae
2019-03-18,883,agricolae
2019-03-19,825,agricolae
2019-03-20,908,agricolae
2019-03-21,964,agricolae
2019-03-22,900,agricolae
2019-03-23,360,agricolae
2019-03-24,446,agricolae
2019-03-25,949,agricolae
2019-03-26,891,agricolae
2019-03-27,1029,agricolae
2019-03-28,976,agricolae
2019-03-29,834,agricolae
2019-03-30,410,agricolae
2019-03-31,467,agricolae
2019-04-01,1086,agricolae
2019-04-02,1042,agricolae
2019-04-03,1030,agricolae
2019-04-04,881,agricolae
2019-04-05,1428,agricolae
2019-04-06,616,agricolae
2019-04-07,596,agricolae
2019-04-08,1187,agricolae
2019-04-09,1163,agricolae
2019-04-10,1116,agricolae
2019-04-11,1066,agricolae
2019-04-12,863,agricolae
2019-04-13,496,agricolae
2019-04-14,462,agricolae
2019-04-15,920,agricolae
2019-04-16,820,agricolae
2019-04-17,1163,agricolae
2019-04-18,674,agricolae
2019-04-19,657,agricolae
2019-04-20,289,agricolae
2019-04-21,339,agricolae
2019-04-22,898,agricolae
2019-04-23,944,agricolae
2019-04-24,818,agricolae
2019-04-25,928,agricolae
2019-04-26,759,agricolae
2019-04-27,450,agricolae
2019-04-28,441,agricolae
2019-04-29,815,agricolae
2019-04-30,728,agricolae
2019-05-01,743,agricolae
2019-05-02,1099,agricolae
2019-05-03,885,agricolae
2019-05-04,453,agricolae
2019-05-05,415,agricolae
2019-05-06,868,agricolae
2019-05-07,883,agricolae
2019-05-08,875,agricolae
2019-05-09,1086,agricolae
2019-05-10,826,agricolae
2019-05-11,422,agricolae
2019-05-12,427,agricolae
2019-05-13,847,agricolae
2019-05-14,1000,agricolae
2019-05-15,894,agricolae
2019-05-16,708,agricolae
2019-05-17,663,agricolae
2019-05-18,467,agricolae
2019-05-19,361,agricolae
2019-05-20,845,agricolae
2019-05-21,777,agricolae
2019-05-22,815,agricolae
2019-05-23,780,agricolae
2019-05-24,700,agricolae
2019-05-25,376,agricolae
2019-05-26,373,agricolae
2019-05-27,771,agricolae
2019-05-28,787,agricolae
2019-05-29,836,agricolae
2019-05-30,588,agricolae
2019-05-31,524,agricolae
2019-06-01,332,agricolae
2019-06-02,321,agricolae
2019-06-03,633,agricolae
2019-06-04,686,agricolae
2019-06-05,655,agricolae
2019-06-06,705,agricolae
2019-06-07,564,agricolae
2019-06-08,342,agricolae
2019-06-09,280,agricolae
2019-06-10,681,agricolae
2019-06-11,765,agricolae
2019-06-12,707,agricolae
2019-06-13,540,agricolae
2019-06-14,645,agricolae
2019-06-15,420,agricolae
2019-06-16,309,agricolae
2019-06-17,729,agricolae
2019-06-18,817,agricolae
2019-06-19,732,agricolae
2019-06-20,580,agricolae
2019-06-21,457,agricolae
2019-06-22,297,agricolae
2019-06-23,229,agricolae
2019-06-24,530,agricolae
2019-06-25,576,agricolae
2019-06-26,511,agricolae
2019-06-27,472,agricolae
2019-06-28,533,agricolae
2019-06-29,294,agricolae
2019-06-30,303,agricolae
2019-07-01,537,agricolae
2019-07-02,501,agricolae
2019-07-03,577,agricolae
2019-07-04,456,agricolae
2019-07-05,410,agricolae
2019-07-06,286,agricolae
2019-07-07,266,agricolae
2019-07-08,691,agricolae
2019-07-09,781,agricolae
2019-07-10,679,agricolae
2019-07-11,629,agricolae
2019-07-12,413,agricolae
2019-07-13,260,agricolae
2019-07-14,272,agricolae
2019-07-15,505,agricolae
2019-07-16,572,agricolae
2019-07-17,591,agricolae
2019-07-18,626,agricolae
2019-07-19,429,agricolae
2019-07-20,243,agricolae
2019-07-21,239,agricolae
2019-07-22,518,agricolae
2019-07-23,633,agricolae
2019-07-24,628,agricolae
2019-07-25,592,agricolae
2019-07-26,495,agricolae
2019-07-27,221,agricolae
2019-07-28,220,agricolae
2019-07-29,474,agricolae
2019-07-30,513,agricolae
2019-07-31,583,agricolae
2019-08-01,575,agricolae
2019-08-02,411,agricolae
2019-08-03,237,agricolae
2019-08-04,210,agricolae
2019-08-05,572,agricolae
2019-08-06,520,agricolae
2019-08-07,559,agricolae
2019-08-08,479,agricolae
2019-08-09,427,agricolae
2019-08-10,220,agricolae
2019-08-11,182,agricolae
2019-08-12,615,agricolae
2019-08-13,534,agricolae
2019-08-14,619,agricolae
2019-08-15,510,agricolae
2019-08-16,366,agricolae
2019-08-17,345,agricolae
2019-08-18,236,agricolae
2019-08-19,509,agricolae
2019-08-20,683,agricolae
2019-08-21,626,agricolae
2019-08-22,552,agricolae
2019-08-23,656,agricolae
2019-08-24,269,agricolae
2019-08-25,307,agricolae
2019-08-26,666,agricolae
2019-08-27,688,agricolae
2019-08-28,813,agricolae
2019-08-29,781,agricolae
2019-08-30,768,agricolae
2019-08-31,352,agricolae
2019-09-01,206,agricolae
2019-09-02,519,agricolae
2019-09-03,669,agricolae
2019-09-04,733,agricolae
2019-09-05,890,agricolae
2019-09-06,600,agricolae
2019-09-07,533,agricolae
2019-09-08,312,agricolae
2019-09-09,804,agricolae
2019-09-10,807,agricolae
2019-09-11,1031,agricolae
2019-09-12,752,agricolae
2019-09-13,763,agricolae
2019-09-14,482,agricolae
2019-09-15,380,agricolae
2019-09-16,1020,agricolae
2019-09-17,1059,agricolae
2019-09-18,1125,agricolae
2019-09-19,961,agricolae
2019-09-20,815,agricolae
2019-09-21,484,agricolae
2019-09-22,313,agricolae
2019-09-23,833,agricolae
2019-09-24,910,agricolae
2019-09-25,985,agricolae
2019-09-26,983,agricolae
2019-09-27,721,agricolae
2019-09-28,282,agricolae
2019-09-29,308,agricolae
2019-09-30,790,agricolae
2019-10-01,854,agricolae
2019-10-02,1030,agricolae
2019-10-03,806,agricolae
2019-10-04,560,agricolae
2019-10-05,358,agricolae
2019-10-06,328,agricolae
2019-10-07,1021,agricolae
2019-10-08,913,agricolae
2019-10-09,1288,agricolae
2019-10-10,993,agricolae
2019-10-11,840,agricolae
2019-10-12,609,agricolae
2019-10-13,398,agricolae
2019-10-14,1009,agricolae
2019-10-15,930,agricolae
2019-10-16,968,agricolae
2019-10-17,869,agricolae
2019-10-18,785,agricolae
2019-10-19,355,agricolae
2019-10-20,402,agricolae
2019-10-21,1084,agricolae
2019-10-22,1114,agricolae
2019-10-23,1101,agricolae
2019-10-24,756,agricolae
2019-10-25,726,agricolae
2019-10-26,443,agricolae
2019-10-27,395,agricolae
2019-10-28,992,agricolae
2019-10-29,879,agricolae
2019-10-30,970,agricolae
2019-10-31,912,agricolae
2019-11-01,629,agricolae
2019-11-02,471,agricolae
2019-11-03,441,agricolae
2019-11-04,925,agricolae
2019-11-05,988,agricolae
2019-11-06,1046,agricolae
2019-11-07,831,agricolae
2019-11-08,884,agricolae
2019-11-09,381,agricolae
2019-11-10,419,agricolae
2019-11-11,836,agricolae
2019-11-12,1094,agricolae
2019-11-13,911,agricolae
2019-11-14,895,agricolae
2019-11-15,878,agricolae
2019-11-16,454,agricolae
2019-11-17,524,agricolae
2019-11-18,909,agricolae
2019-11-19,986,agricolae
2019-11-20,942,agricolae
2019-11-21,871,agricolae
2019-11-22,738,agricolae
2019-11-23,367,agricolae
2019-11-24,372,agricolae
2019-11-25,721,agricolae
2019-11-26,1058,agricolae
2019-11-27,1003,agricolae
2019-11-28,833,agricolae
2019-11-29,565,agricolae
2019-11-30,436,agricolae
2019-12-01,455,agricolae
2019-12-02,970,agricolae
2019-12-03,1087,agricolae
2019-12-04,938,agricolae
2019-12-05,742,agricolae
2019-12-06,635,agricolae
2019-12-07,357,agricolae
2019-12-08,416,agricolae
2019-12-09,830,agricolae
2019-12-10,795,agricolae
2019-12-11,749,agricolae
2019-12-12,769,agricolae
2019-12-13,584,agricolae
2019-12-14,424,agricolae
2019-12-15,301,agricolae
2019-12-16,673,agricolae
2019-12-17,872,agricolae
2019-12-18,690,agricolae
2019-12-19,595,agricolae
2019-12-20,496,agricolae
2019-12-21,253,agricolae
2019-12-22,226,agricolae
2019-12-23,427,agricolae
2019-12-24,241,agricolae
2019-12-25,213,agricolae
2019-12-26,282,agricolae
2019-12-27,210,agricolae
2019-12-28,205,agricolae
2019-12-29,181,agricolae
2019-12-30,307,agricolae
2019-12-31,262,agricolae
2020-01-01,219,agricolae
2020-01-02,307,agricolae
2020-01-03,446,agricolae
2020-01-04,323,agricolae
2020-01-05,333,agricolae
2020-01-06,680,agricolae
2020-01-07,630,agricolae
2020-01-08,689,agricolae
2020-01-09,539,agricolae
2020-01-10,436,agricolae
2020-01-11,294,agricolae
2020-01-12,325,agricolae
2020-01-13,585,agricolae
2020-01-14,587,agricolae
2020-01-15,596,agricolae
2020-01-16,615,agricolae
2020-01-17,427,agricolae
2020-01-18,264,agricolae
2020-01-19,467,agricolae
2020-01-20,1194,agricolae
2020-01-21,965,agricolae
2020-01-22,891,agricolae
2020-01-23,1019,agricolae
2020-01-24,760,agricolae
2020-01-25,364,agricolae
2020-01-26,329,agricolae
2020-01-27,791,agricolae
2020-01-28,797,agricolae
2020-01-29,819,agricolae
2020-01-30,667,agricolae
2020-01-31,646,agricolae
2020-02-01,358,agricolae
2020-02-02,314,agricolae
2020-02-03,682,agricolae
2020-02-04,678,agricolae
2020-02-05,776,agricolae
2020-02-06,856,agricolae
2020-02-07,752,agricolae
2020-02-08,301,agricolae
2020-02-09,370,agricolae
2020-02-10,877,agricolae
2020-02-11,798,agricolae
2020-02-12,997,agricolae
2020-02-13,972,agricolae
2020-02-14,753,agricolae
2020-02-15,330,agricolae
2020-02-16,419,agricolae
2020-02-17,951,agricolae
2020-02-18,1163,agricolae
2020-02-19,1186,agricolae
2020-02-20,821,agricolae
2020-02-21,643,agricolae
2020-02-22,433,agricolae
2020-02-23,456,agricolae
2020-02-24,891,agricolae
2020-02-25,861,agricolae
2020-02-26,868,agricolae
2020-02-27,794,agricolae
2020-02-28,771,agricolae
2020-02-29,103,agricolae
2020-03-01,377,agricolae
2020-03-02,932,agricolae
2020-03-03,1017,agricolae
2020-03-04,980,agricolae
2020-03-05,942,agricolae
2020-03-06,911,agricolae
2020-03-07,372,agricolae
2020-03-08,392,agricolae
2020-03-09,1043,agricolae
2020-03-10,922,agricolae
2020-03-11,919,agricolae
2020-03-12,881,agricolae
2020-03-13,696,agricolae
2020-03-14,454,agricolae
2020-03-15,346,agricolae
2020-03-16,618,agricolae
2020-03-17,661,agricolae
2020-03-18,736,agricolae
2020-03-19,680,agricolae
2020-03-20,729,agricolae
2020-03-21,425,agricolae
2020-03-22,407,agricolae
2020-03-23,681,agricolae
2020-03-24,785,agricolae
2020-03-25,750,agricolae
2020-03-26,803,agricolae
2020-03-27,650,agricolae
2020-03-28,408,agricolae
2020-03-29,387,agricolae
2020-03-30,752,agricolae
2020-03-31,995,agricolae
2020-04-01,899,agricolae
2020-04-02,795,agricolae
2020-04-03,656,agricolae
2020-04-04,345,agricolae
2020-04-05,359,agricolae
2020-04-06,730,agricolae
2020-04-07,958,agricolae
2020-04-08,789,agricolae
2020-04-09,605,agricolae
2020-04-10,544,agricolae
2020-04-11,430,agricolae
2020-04-12,435,agricolae
2020-04-13,796,agricolae
2020-04-14,938,agricolae
2020-04-15,855,agricolae
2020-04-16,612,agricolae
2020-04-17,685,agricolae
2020-04-18,356,agricolae
2020-04-19,434,agricolae
2020-04-20,583,agricolae
2020-04-21,692,agricolae
2020-04-22,817,agricolae
2020-04-23,886,agricolae
2020-04-24,861,agricolae
2020-04-25,737,agricolae
2020-04-26,656,agricolae
2020-04-27,962,agricolae
2020-04-28,887,agricolae
2020-04-29,1049,agricolae
2020-04-30,859,agricolae
2020-05-01,659,agricolae
2020-05-02,559,agricolae
2020-05-03,557,agricolae
2020-05-04,820,agricolae
2020-05-05,803,agricolae
2020-05-06,791,agricolae
2020-05-07,739,agricolae
2020-05-08,626,agricolae
2020-05-09,556,agricolae
2020-05-10,474,agricolae
2020-05-11,687,agricolae
2020-05-12,817,agricolae
2020-05-13,869,agricolae
2020-05-14,710,agricolae
2020-05-15,654,agricolae
2020-05-16,508,agricolae
2020-05-17,504,agricolae
2020-05-18,812,agricolae
2020-05-19,981,agricolae
2020-05-20,992,agricolae
2020-05-21,822,agricolae
2020-05-22,706,agricolae
2020-05-23,440,agricolae
2020-05-24,535,agricolae
2020-05-25,634,agricolae
2020-05-26,764,agricolae
2020-05-27,1066,agricolae
2020-05-28,989,agricolae
2020-05-29,927,agricolae
2020-05-30,567,agricolae
2020-05-31,670,agricolae
2020-06-01,856,agricolae
2020-06-02,785,agricolae
2020-06-03,834,agricolae
2020-06-04,730,agricolae
2020-06-05,770,agricolae
2020-06-06,536,agricolae
2020-06-07,1059,agricolae
2020-06-08,1694,agricolae
2020-06-09,1319,agricolae
2020-06-10,1332,agricolae
2020-06-11,1050,agricolae
2020-06-12,1015,agricolae
2020-06-13,567,agricolae
2020-06-14,678,agricolae
2020-06-15,950,agricolae
2020-06-16,1102,agricolae
2020-06-17,995,agricolae
2020-06-18,952,agricolae
2020-06-19,978,agricolae
2020-06-20,453,agricolae
2020-06-21,583,agricolae
2020-06-22,844,agricolae
2020-06-23,901,agricolae
2020-06-24,1090,agricolae
2020-06-25,740,agricolae
2020-06-26,859,agricolae
2020-06-27,588,agricolae
2020-06-28,630,agricolae
2020-06-29,749,agricolae
2020-06-30,804,agricolae
2020-07-01,802,agricolae
2020-07-02,913,agricolae
2020-07-03,699,agricolae
2020-07-04,564,agricolae
2020-07-05,379,agricolae
2020-07-06,579,agricolae
2020-07-07,666,agricolae
2020-07-08,744,agricolae
2020-07-09,686,agricolae
2020-07-10,708,agricolae
2020-07-11,445,agricolae
2020-07-12,446,agricolae
2020-07-13,682,agricolae
2020-07-14,623,agricolae
2020-07-15,713,agricolae
2020-07-16,612,agricolae
2020-07-17,581,agricolae
2020-07-18,352,agricolae
2020-07-19,455,agricolae
2020-07-20,775,agricolae
2020-07-21,698,agricolae
2020-07-22,759,agricolae
2020-07-23,691,agricolae
2020-07-24,552,agricolae
2020-07-25,380,agricolae
2020-07-26,393,agricolae
2020-07-27,753,agricolae
2020-07-28,695,agricolae
2020-07-29,636,agricolae
2020-07-30,643,agricolae
2020-07-31,420,agricolae
2020-08-01,318,agricolae
2020-08-02,244,agricolae
2020-08-03,664,agricolae
2020-08-04,733,agricolae
2020-08-05,691,agricolae
2020-08-06,664,agricolae
2020-08-07,601,agricolae
2020-08-08,472,agricolae
2020-08-09,354,agricolae
2020-08-10,573,agricolae
2020-08-11,763,agricolae
2020-08-12,694,agricolae
2020-08-13,719,agricolae
2020-08-14,630,agricolae
2020-08-15,362,agricolae
2020-08-16,367,agricolae
2020-08-17,649,agricolae
2020-08-18,778,agricolae
2020-08-19,754,agricolae
2020-08-20,621,agricolae
2020-08-21,571,agricolae
2020-08-22,406,agricolae
2020-08-23,350,agricolae
2020-08-24,685,agricolae
2020-08-25,704,agricolae
2020-08-26,773,agricolae
2020-08-27,671,agricolae
2020-08-28,594,agricolae
2020-08-29,498,agricolae
2020-08-30,453,agricolae
2020-08-31,729,agricolae
2020-09-01,829,agricolae
2020-09-02,811,agricolae
2020-09-03,899,agricolae
2020-09-04,699,agricolae
2020-09-05,420,agricolae
2020-09-06,383,agricolae
2020-09-07,968,agricolae
2020-09-08,959,agricolae
2020-09-09,1081,agricolae
2020-09-10,1040,agricolae
2020-09-11,635,agricolae
2020-09-12,487,agricolae
2020-09-13,479,agricolae
2020-09-14,837,agricolae
2020-09-15,957,agricolae
2020-09-16,960,agricolae
2020-09-17,961,agricolae
2020-09-18,815,agricolae
2020-09-19,453,agricolae
2020-09-20,495,agricolae
2020-09-21,870,agricolae
2020-09-22,1163,agricolae
2020-09-23,1096,agricolae
2020-09-24,981,agricolae
2020-09-25,772,agricolae
2020-09-26,553,agricolae
2020-09-27,565,agricolae
2020-09-28,858,agricolae
2020-09-29,1032,agricolae
2020-09-30,986,agricolae
2020-10-01,948,agricolae
2020-10-02,960,agricolae
2020-10-03,530,agricolae
2020-10-04,524,agricolae
2020-10-05,932,agricolae
2020-10-06,1031,agricolae
2020-10-07,1124,agricolae
2020-10-08,989,agricolae
2020-10-09,1142,agricolae
2020-10-10,574,agricolae
2020-10-11,531,agricolae
2020-10-12,828,agricolae
2020-10-13,1104,agricolae
2020-10-14,1190,agricolae
2020-10-15,972,agricolae
2020-10-16,1100,agricolae
2020-10-17,671,agricolae
2020-10-18,678,agricolae
2020-10-19,1058,agricolae
2020-10-20,980,agricolae
2020-10-21,1053,agricolae
2020-10-22,1023,agricolae
2020-10-23,981,agricolae
2020-10-24,669,agricolae
2020-10-25,624,agricolae
2020-10-26,1084,agricolae
2020-10-27,1225,agricolae
2020-10-28,1025,agricolae
2020-10-29,962,agricolae
2020-10-30,873,agricolae
2020-10-31,600,agricolae
2020-11-01,568,agricolae
2020-11-02,978,agricolae
2020-11-03,952,agricolae
2020-11-04,1079,agricolae
2020-11-05,1194,agricolae
2020-11-06,1010,agricolae
2020-11-07,657,agricolae
2020-11-08,710,agricolae
2020-11-09,1094,agricolae
2020-11-10,1122,agricolae
2020-11-11,1157,agricolae
2020-11-12,1172,agricolae
2020-11-13,1075,agricolae
2020-11-14,619,agricolae
2020-11-15,675,agricolae
2020-11-16,1058,agricolae
2020-11-17,898,agricolae
2020-11-18,1022,agricolae
2020-11-19,1042,agricolae
2020-11-20,906,agricolae
2020-11-21,595,agricolae
2020-11-22,604,agricolae
2020-11-23,1143,agricolae
2020-11-24,1209,agricolae
2020-11-25,974,agricolae
2020-11-26,976,agricolae
2020-11-27,1037,agricolae
2020-11-28,683,agricolae
2020-11-29,480,agricolae
2020-11-30,748,agricolae
2020-12-01,969,agricolae
2020-12-02,1050,agricolae
2020-12-03,1117,agricolae
2020-12-04,885,agricolae
2020-12-05,440,agricolae
2020-12-06,646,agricolae
2020-12-07,1017,agricolae
2020-12-08,955,agricolae
2020-12-09,854,agricolae
2020-12-10,853,agricolae
2020-12-11,661,agricolae
2020-12-12,489,agricolae
2020-12-13,470,agricolae
2020-12-14,834,agricolae
2020-12-15,715,agricolae
2020-12-16,797,agricolae
2020-12-17,743,agricolae
2020-12-18,550,agricolae
2020-12-19,516,agricolae
2020-12-20,282,agricolae
2020-12-21,597,agricolae
2020-12-22,634,agricolae
2020-12-23,841,agricolae
2020-12-24,557,agricolae
2020-12-25,189,agricolae
2020-12-26,279,agricolae
2020-12-27,310,agricolae
2020-12-28,451,agricolae
2020-12-29,447,agricolae
2020-12-30,437,agricolae
2020-12-31,348,agricolae
2021-01-01,218,agricolae
2021-01-02,264,agricolae
2021-01-03,284,agricolae
2021-01-04,549,agricolae
2021-01-05,576,agricolae
2021-01-06,636,agricolae
2021-01-07,594,agricolae
2021-01-08,474,agricolae
2021-01-09,353,agricolae
2021-01-10,382,agricolae
2021-01-11,595,agricolae
2021-01-12,684,agricolae
2021-01-13,741,agricolae
2021-01-14,682,agricolae
2021-01-15,730,agricolae
2021-01-16,399,agricolae
2021-01-17,414,agricolae
2021-01-18,713,agricolae
2021-01-19,703,agricolae
2021-01-20,686,agricolae
2021-01-21,583,agricolae
2021-01-22,607,agricolae
2021-01-23,323,agricolae
2021-01-24,411,agricolae
2021-01-25,650,agricolae
2021-01-26,657,agricolae
2021-01-27,753,agricolae
2021-01-28,579,agricolae
2021-01-29,702,agricolae
2021-01-30,413,agricolae
2021-01-31,363,agricolae
2021-02-01,691,agricolae
2021-02-02,752,agricolae
2021-02-03,770,agricolae
2021-02-04,780,agricolae
2021-02-05,700,agricolae
2021-02-06,446,agricolae
2021-02-07,401,agricolae
2021-02-08,778,agricolae
2021-02-09,694,agricolae
2021-02-10,838,agricolae
2021-02-11,712,agricolae
2021-02-12,652,agricolae
2021-02-13,392,agricolae
2021-02-14,332,agricolae
2021-02-15,776,agricolae
2021-02-16,751,agricolae
2021-02-17,737,agricolae
2021-02-18,728,agricolae
2021-02-19,664,agricolae
2021-02-20,377,agricolae
2021-02-21,400,agricolae
2021-02-22,760,agricolae
2021-02-23,778,agricolae
2021-02-24,1034,agricolae
2021-02-25,798,agricolae
2021-02-26,734,agricolae
2021-02-27,529,agricolae
2021-02-28,513,agricolae
2021-03-01,833,agricolae
2021-03-02,943,agricolae
2021-03-03,984,agricolae
2021-03-04,897,agricolae
2021-03-05,699,agricolae
2021-03-06,399,agricolae
2021-03-07,416,agricolae
2021-03-08,824,agricolae
2021-03-09,1192,agricolae
2021-03-10,1280,agricolae
2021-03-11,1079,agricolae
2021-03-12,786,agricolae
2021-03-13,473,agricolae
2021-03-14,488,agricolae
2021-03-15,1238,agricolae
2021-03-16,902,agricolae
2021-03-17,868,agricolae
2021-03-18,973,agricolae
2021-03-19,741,agricolae
2021-03-20,463,agricolae
2021-03-21,625,agricolae
2021-03-22,958,agricolae
2021-03-23,1020,agricolae
2021-03-24,1372,agricolae
2021-03-25,1058,agricolae
2021-03-26,1073,agricolae
2021-03-27,567,agricolae
2021-03-28,564,agricolae
2021-03-29,991,agricolae
2021-03-30,1066,agricolae
2021-03-31,941,agricolae
2021-04-01,776,agricolae
2021-04-02,720,agricolae
2021-04-03,599,agricolae
2021-04-04,542,agricolae
2021-04-05,993,agricolae
2021-04-06,1004,agricolae
2021-04-07,1138,agricolae
2021-04-08,925,agricolae
2021-04-09,878,agricolae
2021-04-10,687,agricolae
2021-04-11,688,agricolae
2021-04-12,998,agricolae
2021-04-13,957,agricolae
2021-04-14,928,agricolae
2021-04-15,901,agricolae
2021-04-16,847,agricolae
2021-04-17,634,agricolae
2021-04-18,694,agricolae
2021-04-19,943,agricolae
2021-04-20,1149,agricolae
2021-04-21,1163,agricolae
2021-04-22,974,agricolae
2021-04-23,861,agricolae
2021-04-24,738,agricolae
2021-04-25,620,agricolae
2021-04-26,1003,agricolae
2021-04-27,906,agricolae
2021-04-28,985,agricolae
2021-04-29,844,agricolae
2021-04-30,753,agricolae
2021-05-01,433,agricolae
2021-05-02,484,agricolae
2021-05-03,931,agricolae
2021-05-04,813,agricolae
2021-05-05,841,agricolae
2021-05-06,853,agricolae
2021-05-07,732,agricolae
2021-05-08,585,agricolae
2021-05-09,707,agricolae
2021-05-10,726,agricolae
2021-05-11,918,agricolae
2021-05-12,812,agricolae
2021-05-13,764,agricolae
2021-05-14,662,agricolae
2021-05-15,453,agricolae
2021-05-16,472,agricolae
2021-05-17,784,agricolae
2021-05-18,1146,agricolae
2021-05-19,1225,agricolae
2021-05-20,1134,agricolae
2021-05-21,1093,agricolae
2021-05-22,579,agricolae
2021-05-23,636,agricolae
2021-05-24,936,agricolae
2021-05-25,925,agricolae
2021-05-26,929,agricolae
2021-05-27,1084,agricolae
2021-05-28,883,agricolae
2021-05-29,512,agricolae
2021-05-30,638,agricolae
2021-05-31,1022,agricolae
2021-06-01,983,agricolae
2021-06-02,879,agricolae
2021-06-03,992,agricolae
2021-06-04,882,agricolae
2021-06-05,527,agricolae
2021-06-06,1128,agricolae
2021-06-07,1435,agricolae
2021-06-08,1221,agricolae
2021-06-09,1190,agricolae
2021-06-10,1081,agricolae
2021-06-11,961,agricolae
2021-06-12,627,agricolae
2021-06-13,626,agricolae
2021-06-14,988,agricolae
2021-06-15,978,agricolae
2021-06-16,996,agricolae
2021-06-17,917,agricolae
2021-06-18,783,agricolae
2021-06-19,579,agricolae
2021-06-20,536,agricolae
2021-06-21,982,agricolae
2021-06-22,891,agricolae
2021-06-23,836,agricolae
2021-06-24,821,agricolae
2021-06-25,702,agricolae
2021-06-26,572,agricolae
2021-06-27,443,agricolae
2021-06-28,806,agricolae
2021-06-29,709,agricolae
2021-06-30,893,agricolae
2021-07-01,740,agricolae
2021-07-02,680,agricolae
2021-07-03,505,agricolae
2021-07-04,408,agricolae
2021-07-05,668,agricolae
2021-07-06,716,agricolae
2021-07-07,780,agricolae
2021-07-08,726,agricolae
2021-07-09,656,agricolae
2021-07-10,332,agricolae
2021-07-11,363,agricolae
2021-07-12,649,agricolae
2021-07-13,748,agricolae
2021-07-14,836,agricolae
2021-07-15,675,agricolae
2021-07-16,567,agricolae
2021-07-17,457,agricolae
2021-07-18,389,agricolae
2021-07-19,741,agricolae
2021-07-20,720,agricolae
2021-07-21,674,agricolae
2021-07-22,611,agricolae
2021-07-23,550,agricolae
2021-07-24,374,agricolae
2021-07-25,308,agricolae
2021-07-26,646,agricolae
2021-07-27,573,agricolae
2021-07-28,669,agricolae
2021-07-29,684,agricolae
2021-07-30,515,agricolae
2021-07-31,276,agricolae
2021-08-01,341,agricolae
2021-08-02,541,agricolae
2021-08-03,712,agricolae
2021-08-04,860,agricolae
2021-08-05,650,agricolae
2021-08-06,519,agricolae
2021-08-07,404,agricolae
2021-08-08,266,agricolae
2021-08-09,560,agricolae
2021-08-10,673,agricolae
2021-08-11,768,agricolae
2021-08-12,691,agricolae
2021-08-13,590,agricolae
2021-08-14,283,agricolae
2021-08-15,309,agricolae
2021-08-16,636,agricolae
2021-08-17,703,agricolae
2021-08-18,817,agricolae
2021-08-19,884,agricolae
2021-08-20,669,agricolae
2021-08-21,463,agricolae
2021-08-22,362,agricolae
2021-08-23,622,agricolae
2021-08-24,852,agricolae
2021-08-25,761,agricolae
2021-08-26,821,agricolae
2021-08-27,671,agricolae
2021-08-28,355,agricolae
2021-08-29,480,agricolae
2021-08-30,743,agricolae
2021-08-31,892,agricolae
2021-09-01,1158,agricolae
2021-09-02,927,agricolae
2021-09-03,728,agricolae
2021-09-04,343,agricolae
2021-09-05,310,agricolae
2021-09-06,635,agricolae
2021-09-07,752,agricolae
2021-09-08,683,agricolae
2021-09-09,794,agricolae
2021-09-10,710,agricolae
2021-09-11,360,agricolae
2021-09-12,377,agricolae
2021-09-13,746,agricolae
2021-09-14,967,agricolae
2021-09-15,963,agricolae
2021-09-16,909,agricolae
2021-09-17,615,agricolae
2021-09-18,421,agricolae
2021-09-19,440,agricolae
2021-09-20,727,agricolae
2021-09-21,886,agricolae
2021-09-22,1069,agricolae
2021-09-23,1194,agricolae
2021-09-24,894,agricolae
2021-09-25,440,agricolae
2021-09-26,632,agricolae
2021-09-27,1125,agricolae
2021-09-28,1393,agricolae
2021-09-29,1565,agricolae
2021-09-30,1412,agricolae
2021-10-01,1014,agricolae
2021-10-02,576,agricolae
2021-10-03,490,agricolae
2021-10-04,1089,agricolae
2021-10-05,1167,agricolae
2021-10-06,1489,agricolae
2021-10-07,1196,agricolae
2021-10-08,959,agricolae
2021-10-09,609,agricolae
2021-10-10,472,agricolae
2021-10-11,1030,agricolae
2021-10-12,989,agricolae
2021-10-13,1365,agricolae
2021-10-14,1104,agricolae
2021-10-15,1303,agricolae
2021-10-16,544,agricolae
2021-10-17,538,agricolae
2021-10-18,1033,agricolae
2021-10-19,1242,agricolae
2021-10-20,1244,agricolae
2021-10-21,1160,agricolae
2021-10-22,739,agricolae
2021-10-23,519,agricolae
2021-10-24,660,agricolae
2021-10-25,1066,agricolae
2021-10-26,1268,agricolae
2021-10-27,1297,agricolae
2021-10-28,1121,agricolae
2021-10-29,1021,agricolae
2021-10-30,563,agricolae
2021-10-31,568,agricolae
2021-11-01,1075,agricolae
2021-11-02,1315,agricolae
2021-11-03,1370,agricolae
2021-11-04,1254,agricolae
2021-11-05,946,agricolae
2021-11-06,541,agricolae
2021-11-07,500,agricolae
2021-11-08,1244,agricolae
2021-11-09,1326,agricolae
2021-11-10,1340,agricolae
2021-11-11,1128,agricolae
2021-11-12,998,agricolae
2021-11-13,545,agricolae
2021-11-14,559,agricolae
2021-11-15,1239,agricolae
2021-11-16,1381,agricolae
2021-11-17,1105,agricolae
2021-11-18,1073,agricolae
2021-11-19,968,agricolae
2021-11-20,617,agricolae
2021-11-21,713,agricolae
2021-11-22,1042,agricolae
2021-11-23,1096,agricolae
2021-11-24,978,agricolae
2021-11-25,928,agricolae
2021-11-26,761,agricolae
2021-11-27,731,agricolae
2021-11-28,711,agricolae
2021-11-29,1105,agricolae
2021-11-30,1251,agricolae
2021-12-01,1163,agricolae
2021-12-02,1063,agricolae
2021-12-03,919,agricolae
2021-12-04,572,agricolae
2021-12-05,615,agricolae
2021-12-06,1180,agricolae
2021-12-07,1134,agricolae
2021-12-08,1145,agricolae
2021-12-09,992,agricolae
2021-12-10,1126,agricolae
2021-12-11,547,agricolae
2021-12-12,436,agricolae
2021-12-13,1160,agricolae
2021-12-14,1161,agricolae
2021-12-15,1024,agricolae
2021-12-16,864,agricolae
2021-12-17,658,agricolae
2021-12-18,352,agricolae
2021-12-19,394,agricolae
2021-12-20,678,agricolae
2021-12-21,639,agricolae
2021-12-22,621,agricolae
2021-12-23,516,agricolae
2021-12-24,303,agricolae
2021-12-25,215,agricolae
2021-12-26,257,agricolae
2021-12-27,372,agricolae
2021-12-28,606,agricolae
2021-12-29,582,agricolae
2021-12-30,506,agricolae
2021-12-31,288,agricolae
