date,package,count
2017-03-01,agricolae,175
2017-03-02,agricolae,400
2017-03-03,agricolae,339
2017-03-04,agricolae,192
2017-03-05,agricolae,159
2017-03-06,agricolae,341
2017-03-07,agricolae,346
2017-03-08,agricolae,366
2017-03-09,agricolae,382
2017-03-10,agricolae,317
2017-03-11,agricolae,144
2017-03-12,agricolae,159
2017-03-13,agricolae,370
2017-03-14,agricolae,422
2017-03-15,agricolae,319
2017-03-16,agricolae,409
2017-03-17,agricolae,279
2017-03-18,agricolae,157
2017-03-19,agricolae,146
2017-03-20,agricolae,314
2017-03-21,agricolae,379
2017-03-22,agricolae,333
2017-03-23,agricolae,375
2017-03-24,agricolae,285
2017-03-25,agricolae,145
2017-03-26,agricolae,177
2017-03-27,agricolae,471
2017-03-28,agricolae,437
2017-03-29,agricolae,485
2017-03-30,agricolae,505
2017-03-31,agricolae,432
2017-04-01,agricolae,181
2017-04-02,agricolae,220
2017-04-03,agricolae,494
2017-04-04,agricolae,492
2017-04-05,agricolae,437
2017-04-06,agricolae,369
2017-04-07,agricolae,400
2017-04-08,agricolae,141
2017-04-09,agricolae,155
2017-04-10,agricolae,333
2017-04-11,agricolae,337
2017-04-12,agricolae,376
2017-04-13,agricolae,308
2017-04-14,agricolae,178
2017-04-15,agricolae,117
2017-04-16,agricolae,145
2017-04-17,agricolae,213
2017-04-18,agricolae,341
2017-04-19,agricolae,306
2017-04-20,agricolae,479
2017-04-21,agricolae,312
2017-04-22,agricolae,188
2017-04-23,agricolae,210
2017-04-24,agricolae,407
2017-04-25,agricolae,459
2017-04-26,agricolae,360
2017-04-27,agricolae,359
2017-04-28,agricolae,375
2017-04-29,agricolae,193
2017-04-30,agricolae,177
2017-05-01,agricolae,329
2017-05-02,agricolae,368
2017-05-03,agricolae,477
2017-05-04,agricolae,357
2017-05-05,agricolae,415
2017-05-06,agricolae,231
2017-05-07,agricolae,163
2017-05-08,agricolae,341
2017-05-09,agricolae,411
2017-05-10,agricolae,457
2017-05-11,agricolae,475
2017-05-12,agricolae,425
2017-05-13,agricolae,179
2017-05-14,agricolae,168
2017-05-15,agricolae,368
2017-05-16,agricolae,466
2017-05-17,agricolae,452
2017-05-18,agricolae,364
2017-05-19,agricolae,307
2017-05-20,agricolae,133
2017-05-21,agricolae,169
2017-05-22,agricolae,407
2017-05-23,agricolae,390
2017-05-24,agricolae,462
2017-05-25,agricolae,308
2017-05-26,agricolae,255
2017-05-27,agricolae,158
2017-05-28,agricolae,135
2017-05-29,agricolae,299
2017-05-30,agricolae,363
2017-05-31,agricolae,334
2017-06-01,agricolae,322
2017-06-02,agricolae,259
2017-06-03,agricolae,151
2017-06-04,agricolae,131
2017-06-05,agricolae,259
2017-06-06,agricolae,336
2017-06-07,agricolae,325
2017-06-08,agricolae,486
2017-06-09,agricolae,241
2017-06-10,agricolae,132
2017-06-11,agricolae,143
2017-06-12,agricolae,308
2017-06-13,agricolae,329
2017-06-14,agricolae,367
2017-06-15,agricolae,352
2017-06-16,agricolae,224
2017-06-17,agricolae,136
2017-06-18,agricolae,155
2017-06-19,agricolae,321
2017-06-20,agricolae,293
2017-06-21,agricolae,341
2017-06-22,agricolae,296
2017-06-23,agricolae,238
2017-06-24,agricolae,95
2017-06-25,agricolae,112
2017-06-26,agricolae,264
2017-06-27,agricolae,264
2017-06-28,agricolae,278
2017-06-29,agricolae,241
2017-06-30,agricolae,188
2017-07-01,agricolae,88
2017-07-02,agricolae,109
2017-07-03,agricolae,221
2017-07-04,agricolae,269
2017-07-05,agricolae,252
2017-07-06,agricolae,233
2017-07-07,agricolae,244
2017-07-08,agricolae,105
2017-07-09,agricolae,119
2017-07-10,agricolae,247
2017-07-11,agricolae,247
2017-07-12,agricolae,249
2017-07-13,agricolae,198
2017-07-14,agricolae,186
2017-07-15,agricolae,90
2017-07-16,agricolae,74
2017-07-17,agricolae,185
2017-07-18,agricolae,231
2017-07-19,agricolae,274
2017-07-20,agricolae,233
2017-07-21,agricolae,237
2017-07-22,agricolae,105
2017-07-23,agricolae,82
2017-07-24,agricolae,239
2017-07-25,agricolae,230
2017-07-26,agricolae,487
2017-07-27,agricolae,547
2017-07-28,agricolae,334
2017-07-29,agricolae,137
2017-07-30,agricolae,144
2017-07-31,agricolae,326
2017-08-01,agricolae,322
2017-08-02,agricolae,349
2017-08-03,agricolae,276
2017-08-04,agricolae,224
2017-08-05,agricolae,297
2017-08-06,agricolae,341
2017-08-07,agricolae,288
2017-08-08,agricolae,317
2017-08-09,agricolae,310
2017-08-10,agricolae,296
2017-08-11,agricolae,273
2017-08-12,agricolae,115
2017-08-13,agricolae,166
2017-08-14,agricolae,277
2017-08-15,agricolae,289
2017-08-16,agricolae,313
2017-08-17,agricolae,298
2017-08-18,agricolae,299
2017-08-19,agricolae,163
2017-08-20,agricolae,156
2017-08-21,agricolae,289
2017-08-22,agricolae,318
2017-08-23,agricolae,348
2017-08-24,agricolae,369
2017-08-25,agricolae,338
2017-08-26,agricolae,183
2017-08-27,agricolae,120
2017-08-28,agricolae,253
2017-08-29,agricolae,417
2017-08-30,agricolae,416
2017-08-31,agricolae,395
2017-09-01,agricolae,421
2017-09-02,agricolae,396
2017-09-03,agricolae,263
2017-09-04,agricolae,479
2017-09-05,agricolae,481
2017-09-06,agricolae,512
2017-09-07,agricolae,437
2017-09-08,agricolae,332
2017-09-09,agricolae,150
2017-09-10,agricolae,220
2017-09-11,agricolae,458
2017-09-12,agricolae,539
2017-09-13,agricolae,709
2017-09-14,agricolae,655
2017-09-15,agricolae,364
2017-09-16,agricolae,245
2017-09-17,agricolae,205
2017-09-18,agricolae,449
2017-09-19,agricolae,492
2017-09-20,agricolae,583
2017-09-21,agricolae,657
2017-09-22,agricolae,352
2017-09-23,agricolae,228
2017-09-24,agricolae,216
2017-09-25,agricolae,474
2017-09-26,agricolae,517
2017-09-27,agricolae,618
2017-09-28,agricolae,496
2017-09-29,agricolae,424
2017-09-30,agricolae,201
2017-10-01,agricolae,275
2017-10-02,agricolae,451
2017-10-03,agricolae,469
2017-10-04,agricolae,524
2017-10-05,agricolae,444
2017-10-06,agricolae,408
2017-10-07,agricolae,225
2017-10-08,agricolae,211
2017-10-09,agricolae,419
2017-10-10,agricolae,504
2017-10-11,agricolae,451
2017-10-12,agricolae,402
2017-10-13,agricolae,417
2017-10-14,agricolae,247
2017-10-15,agricolae,254
2017-10-16,agricolae,610
2017-10-17,agricolae,517
2017-10-18,agricolae,454
2017-10-19,agricolae,593
2017-10-20,agricolae,383
2017-10-21,agricolae,253
2017-10-22,agricolae,276
2017-10-23,agricolae,510
2017-10-24,agricolae,556
2017-10-25,agricolae,406
2017-10-26,agricolae,518
2017-10-27,agricolae,448
2017-10-28,agricolae,209
2017-10-29,agricolae,195
2017-10-30,agricolae,600
2017-10-31,agricolae,507
2017-11-01,agricolae,502
2017-11-02,agricolae,497
2017-11-03,agricolae,535
2017-11-04,agricolae,213
2017-11-05,agricolae,249
2017-11-06,agricolae,602
2017-11-07,agricolae,604
2017-11-08,agricolae,666
2017-11-09,agricolae,545
2017-11-10,agricolae,410
2017-11-11,agricolae,220
2017-11-12,agricolae,224
2017-11-13,agricolae,604
2017-11-14,agricolae,584
2017-11-15,agricolae,554
2017-11-16,agricolae,515
2017-11-17,agricolae,538
2017-11-18,agricolae,185
2017-11-19,agricolae,254
2017-11-20,agricolae,559
2017-11-21,agricolae,516
2017-11-22,agricolae,527
2017-11-23,agricolae,390
2017-11-24,agricolae,287
2017-11-25,agricolae,233
2017-11-26,agricolae,238
2017-11-27,agricolae,489
2017-11-28,agricolae,574
2017-11-29,agricolae,583
2017-11-30,agricolae,563
2017-12-01,agricolae,436
2017-12-02,agricolae,227
2017-12-03,agricolae,226
2017-12-04,agricolae,479
2017-12-05,agricolae,579
2017-12-06,agricolae,381
2017-12-07,agricolae,382
2017-12-08,agricolae,292
2017-12-09,agricolae,219
2017-12-10,agricolae,232
2017-12-11,agricolae,402
2017-12-12,agricolae,391
2017-12-13,agricolae,420
2017-12-14,agricolae,450
2017-12-15,agricolae,315
2017-12-16,agricolae,150
2017-12-17,agricolae,166
2017-12-18,agricolae,298
2017-12-19,agricolae,283
2017-12-20,agricolae,310
2017-12-21,agricolae,225
2017-12-22,agricolae,174
2017-12-23,agricolae,91
2017-12-24,agricolae,84
2017-12-25,agricolae,91
2017-12-26,agricolae,134
2017-12-27,agricolae,152
2017-12-28,agricolae,152
2017-12-29,agricolae,133
2017-12-30,agricolae,107
2017-12-31,agricolae,74
2018-01-01,agricolae,69
2018-01-02,agricolae,159
2018-01-03,agricolae,261
2018-01-04,agricolae,221
2018-01-05,agricolae,217
2018-01-06,agricolae,89
2018-01-07,agricolae,150
2018-01-08,agricolae,235
2018-01-09,agricolae,283
2018-01-10,agricolae,274
2018-01-11,agricolae,315
2018-01-12,agricolae,234
2018-01-13,agricolae,123
2018-01-14,agricolae,166
2018-01-15,agricolae,274
2018-01-16,agricolae,340
2018-01-17,agricolae,409
2018-01-18,agricolae,281
2018-01-19,agricolae,336
2018-01-20,agricolae,158
2018-01-21,agricolae,129
2018-01-22,agricolae,363
2018-01-23,agricolae,355
2018-01-24,agricolae,357
2018-01-25,agricolae,358
2018-01-26,agricolae,337
2018-01-27,agricolae,175
2018-01-28,agricolae,158
2018-01-29,agricolae,371
2018-01-30,agricolae,351
2018-01-31,agricolae,338
2018-02-01,agricolae,396
2018-02-02,agricolae,294
2018-02-03,agricolae,154
2018-02-04,agricolae,189
2018-02-05,agricolae,384
2018-02-06,agricolae,367
2018-02-07,agricolae,361
2018-02-08,agricolae,435
2018-02-09,agricolae,311
2018-02-10,agricolae,123
2018-02-11,agricolae,204
2018-02-12,agricolae,318
2018-02-13,agricolae,396
2018-02-14,agricolae,419
2018-02-15,agricolae,502
2018-02-16,agricolae,264
2018-02-17,agricolae,180
2018-02-18,agricolae,165
2018-02-19,agricolae,360
2018-02-20,agricolae,478
2018-02-21,agricolae,493
2018-02-22,agricolae,500
2018-02-23,agricolae,389
2018-02-24,agricolae,141
2018-02-25,agricolae,154
2018-02-26,agricolae,402
2018-02-27,agricolae,401
2018-02-28,agricolae,484
2018-03-01,agricolae,470
2018-03-02,agricolae,421
2018-03-03,agricolae,190
2018-03-04,agricolae,262
2018-03-05,agricolae,386
2018-03-06,agricolae,469
2018-03-07,agricolae,440
2018-03-08,agricolae,412
2018-03-09,agricolae,416
2018-03-10,agricolae,236
2018-03-11,agricolae,163
2018-03-12,agricolae,414
2018-03-13,agricolae,450
2018-03-14,agricolae,361
2018-03-15,agricolae,419
2018-03-16,agricolae,376
2018-03-17,agricolae,200
2018-03-18,agricolae,195
2018-03-19,agricolae,440
2018-03-20,agricolae,379
2018-03-21,agricolae,517
2018-03-22,agricolae,399
2018-03-23,agricolae,376
2018-03-24,agricolae,187
2018-03-25,agricolae,210
2018-03-26,agricolae,452
2018-03-27,agricolae,468
2018-03-28,agricolae,481
2018-03-29,agricolae,406
2018-03-30,agricolae,236
2018-03-31,agricolae,164
2018-04-01,agricolae,184
2018-04-02,agricolae,480
2018-04-03,agricolae,471
2018-04-04,agricolae,539
2018-04-05,agricolae,494
2018-04-06,agricolae,424
2018-04-07,agricolae,278
2018-04-08,agricolae,250
2018-04-09,agricolae,453
2018-04-10,agricolae,407
2018-04-11,agricolae,453
2018-04-12,agricolae,580
2018-04-13,agricolae,551
2018-04-14,agricolae,317
2018-04-15,agricolae,298
2018-04-16,agricolae,553
2018-04-17,agricolae,533
2018-04-18,agricolae,424
2018-04-19,agricolae,542
2018-04-20,agricolae,518
2018-04-21,agricolae,281
2018-04-22,agricolae,265
2018-04-23,agricolae,525
2018-04-24,agricolae,666
2018-04-25,agricolae,705
2018-04-26,agricolae,531
2018-04-27,agricolae,446
2018-04-28,agricolae,268
2018-04-29,agricolae,236
2018-04-30,agricolae,449
2018-05-01,agricolae,412
2018-05-02,agricolae,637
2018-05-03,agricolae,632
2018-05-04,agricolae,486
2018-05-05,agricolae,263
2018-05-06,agricolae,258
2018-05-07,agricolae,430
2018-05-08,agricolae,478
2018-05-09,agricolae,513
2018-05-10,agricolae,430
2018-05-11,agricolae,408
2018-05-12,agricolae,255
2018-05-13,agricolae,235
2018-05-14,agricolae,476
2018-05-15,agricolae,474
2018-05-16,agricolae,455
2018-05-17,agricolae,500
2018-05-18,agricolae,432
2018-05-19,agricolae,214
2018-05-20,agricolae,242
2018-05-21,agricolae,413
2018-05-22,agricolae,599
2018-05-23,agricolae,578
2018-05-24,agricolae,642
2018-05-25,agricolae,488
2018-05-26,agricolae,217
2018-05-27,agricolae,254
2018-05-28,agricolae,417
2018-05-29,agricolae,538
2018-05-30,agricolae,466
2018-05-31,agricolae,411
2018-06-01,agricolae,399
2018-06-02,agricolae,220
2018-06-03,agricolae,199
2018-06-04,agricolae,467
2018-06-05,agricolae,473
2018-06-06,agricolae,530
2018-06-07,agricolae,423
2018-06-08,agricolae,372
2018-06-09,agricolae,211
2018-06-10,agricolae,164
2018-06-11,agricolae,481
2018-06-12,agricolae,388
2018-06-13,agricolae,478
2018-06-14,agricolae,513
2018-06-15,agricolae,285
2018-06-16,agricolae,179
2018-06-17,agricolae,168
2018-06-18,agricolae,397
2018-06-19,agricolae,486
2018-06-20,agricolae,457
2018-06-21,agricolae,409
2018-06-22,agricolae,298
2018-06-23,agricolae,208
2018-06-24,agricolae,225
2018-06-25,agricolae,424
2018-06-26,agricolae,473
2018-06-27,agricolae,446
2018-06-28,agricolae,343
2018-06-29,agricolae,302
2018-06-30,agricolae,190
2018-07-01,agricolae,200
2018-07-02,agricolae,357
2018-07-03,agricolae,330
2018-07-04,agricolae,343
2018-07-05,agricolae,373
2018-07-06,agricolae,260
2018-07-07,agricolae,130
2018-07-08,agricolae,134
2018-07-09,agricolae,417
2018-07-10,agricolae,377
2018-07-11,agricolae,344
2018-07-12,agricolae,266
2018-07-13,agricolae,275
2018-07-14,agricolae,177
2018-07-15,agricolae,130
2018-07-16,agricolae,335
2018-07-17,agricolae,335
2018-07-18,agricolae,367
2018-07-19,agricolae,366
2018-07-20,agricolae,315
2018-07-21,agricolae,142
2018-07-22,agricolae,179
2018-07-23,agricolae,365
2018-07-24,agricolae,374
2018-07-25,agricolae,278
2018-07-26,agricolae,297
2018-07-27,agricolae,287
2018-07-28,agricolae,117
2018-07-29,agricolae,128
2018-07-30,agricolae,315
2018-07-31,agricolae,351
2018-08-01,agricolae,299
2018-08-02,agricolae,376
2018-08-03,agricolae,307
2018-08-04,agricolae,179
2018-08-05,agricolae,146
2018-08-06,agricolae,351
2018-08-07,agricolae,326
2018-08-08,agricolae,372
2018-08-09,agricolae,405
2018-08-10,agricolae,413
2018-08-11,agricolae,219
2018-08-12,agricolae,192
2018-08-13,agricolae,306
2018-08-14,agricolae,374
2018-08-15,agricolae,310
2018-08-16,agricolae,317
2018-08-17,agricolae,318
2018-08-18,agricolae,204
2018-08-19,agricolae,141
2018-08-20,agricolae,339
2018-08-21,agricolae,401
2018-08-22,agricolae,455
2018-08-23,agricolae,383
2018-08-24,agricolae,351
2018-08-25,agricolae,151
2018-08-26,agricolae,157
2018-08-27,agricolae,397
2018-08-28,agricolae,534
2018-08-29,agricolae,447
2018-08-30,agricolae,510
2018-08-31,agricolae,328
2018-09-01,agricolae,202
2018-09-02,agricolae,162
2018-09-03,agricolae,340
2018-09-04,agricolae,408
2018-09-05,agricolae,535
2018-09-06,agricolae,436
2018-09-07,agricolae,355
2018-09-08,agricolae,209
2018-09-09,agricolae,248
2018-09-10,agricolae,598
2018-09-11,agricolae,647
2018-09-12,agricolae,678
2018-09-13,agricolae,639
2018-09-14,agricolae,489
2018-09-15,agricolae,197
2018-09-16,agricolae,217
2018-09-17,agricolae,658
2018-09-18,agricolae,627
2018-09-19,agricolae,602
2018-09-20,agricolae,721
2018-09-21,agricolae,548
2018-09-22,agricolae,276
2018-09-23,agricolae,322
2018-09-24,agricolae,592
2018-09-25,agricolae,672
2018-09-26,agricolae,784
2018-09-27,agricolae,702
2018-09-28,agricolae,557
2018-09-29,agricolae,225
2018-09-30,agricolae,236
2018-10-01,agricolae,604
2018-10-02,agricolae,527
2018-10-03,agricolae,665
2018-10-04,agricolae,614
2018-10-05,agricolae,504
2018-10-06,agricolae,257
2018-10-07,agricolae,184
2018-10-08,agricolae,560
2018-10-09,agricolae,594
2018-10-10,agricolae,732
2018-10-11,agricolae,654
2018-10-12,agricolae,444
2018-10-13,agricolae,227
2018-10-14,agricolae,208
2018-10-15,agricolae,662
2018-10-16,agricolae,534
2018-10-17,agricolae,615
2018-10-18,agricolae,531
2018-10-19,agricolae,510
2018-10-20,agricolae,217
2018-10-21,agricolae,178
2018-10-22,agricolae,583
2018-10-23,agricolae,546
2018-10-24,agricolae,680
2018-10-25,agricolae,736
2018-10-26,agricolae,652
2018-10-27,agricolae,201
2018-10-28,agricolae,219
2018-10-29,agricolae,617
2018-10-30,agricolae,748
2018-10-31,agricolae,723
2018-11-01,agricolae,579
2018-11-02,agricolae,432
2018-11-03,agricolae,287
2018-11-04,agricolae,315
2018-11-05,agricolae,617
2018-11-06,agricolae,595
2018-11-07,agricolae,551
2018-11-08,agricolae,567
2018-11-09,agricolae,471
2018-11-10,agricolae,251
2018-11-11,agricolae,256
2018-11-12,agricolae,538
2018-11-13,agricolae,575
2018-11-14,agricolae,624
2018-11-15,agricolae,626
2018-11-16,agricolae,539
2018-11-17,agricolae,233
2018-11-18,agricolae,254
2018-11-19,agricolae,442
2018-11-20,agricolae,564
2018-11-21,agricolae,589
2018-11-22,agricolae,444
2018-11-23,agricolae,374
2018-11-24,agricolae,232
2018-11-25,agricolae,241
2018-11-26,agricolae,600
2018-11-27,agricolae,774
2018-11-28,agricolae,728
2018-11-29,agricolae,573
2018-11-30,agricolae,502
2018-12-01,agricolae,253
2018-12-02,agricolae,262
2018-12-03,agricolae,639
2018-12-04,agricolae,615
2018-12-05,agricolae,483
2018-12-06,agricolae,573
2018-12-07,agricolae,354
2018-12-08,agricolae,201
2018-12-09,agricolae,230
2018-12-10,agricolae,484
2018-12-11,agricolae,495
2018-12-12,agricolae,505
2018-12-13,agricolae,381
2018-12-14,agricolae,352
2018-12-15,agricolae,205
2018-12-16,agricolae,215
2018-12-17,agricolae,317
2018-12-18,agricolae,451
2018-12-19,agricolae,546
2018-12-20,agricolae,495
2018-12-21,agricolae,322
2018-12-22,agricolae,110
2018-12-23,agricolae,130
2018-12-24,agricolae,197
2018-12-25,agricolae,134
2018-12-26,agricolae,205
2018-12-27,agricolae,174
2018-12-28,agricolae,179
2018-12-29,agricolae,124
2018-12-30,agricolae,129
2018-12-31,agricolae,143
2019-01-01,agricolae,150
2019-01-02,agricolae,286
2019-01-03,agricolae,273
2019-01-04,agricolae,276
2019-01-05,agricolae,173
2019-01-06,agricolae,186
2019-01-07,agricolae,536
2019-01-08,agricolae,910
2019-01-09,agricolae,772
2019-01-10,agricolae,611
2019-01-11,agricolae,490
2019-01-12,agricolae,284
2019-01-13,agricolae,274
2019-01-14,agricolae,547
2019-01-15,agricolae,670
2019-01-16,agricolae,564
2019-01-17,agricolae,549
2019-01-18,agricolae,567
2019-01-19,agricolae,250
2019-01-20,agricolae,217
2019-01-21,agricolae,574
2019-01-22,agricolae,632
2019-01-23,agricolae,691
2019-01-24,agricolae,669
2019-01-25,agricolae,458
2019-01-26,agricolae,241
2019-01-27,agricolae,285
2019-01-28,agricolae,496
2019-01-29,agricolae,453
2019-01-30,agricolae,462
2019-01-31,agricolae,461
2019-02-01,agricolae,515
2019-02-02,agricolae,183
2019-02-03,agricolae,209
2019-02-04,agricolae,486
2019-02-05,agricolae,553
2019-02-06,agricolae,549
2019-02-07,agricolae,535
2019-02-08,agricolae,419
2019-02-09,agricolae,193
2019-02-10,agricolae,217
2019-02-11,agricolae,553
2019-02-12,agricolae,562
2019-02-13,agricolae,663
2019-02-14,agricolae,606
2019-02-15,agricolae,528
2019-02-16,agricolae,247
2019-02-17,agricolae,272
2019-02-18,agricolae,548
2019-02-19,agricolae,692
2019-02-20,agricolae,657
2019-02-21,agricolae,557
2019-02-22,agricolae,721
2019-02-23,agricolae,310
2019-02-24,agricolae,312
2019-02-25,agricolae,695
2019-02-26,agricolae,803
2019-02-27,agricolae,732
2019-02-28,agricolae,683
2019-03-01,agricolae,720
2019-03-02,agricolae,232
2019-03-03,agricolae,316
2019-03-04,agricolae,615
2019-03-05,agricolae,639
2019-03-06,agricolae,723
2019-03-07,agricolae,627
2019-03-08,agricolae,576
2019-03-09,agricolae,312
2019-03-10,agricolae,296
2019-03-11,agricolae,609
2019-03-12,agricolae,672
2019-03-13,agricolae,812
2019-03-14,agricolae,586
2019-03-15,agricolae,680
2019-03-16,agricolae,302
2019-03-17,agricolae,289
2019-03-18,agricolae,768
2019-03-19,agricolae,695
2019-03-20,agricolae,743
2019-03-21,agricolae,777
2019-03-22,agricolae,713
2019-03-23,agricolae,310
2019-03-24,agricolae,380
2019-03-25,agricolae,818
2019-03-26,agricolae,713
2019-03-27,agricolae,864
2019-03-28,agricolae,765
2019-03-29,agricolae,674
2019-03-30,agricolae,345
2019-03-31,agricolae,391
2019-04-01,agricolae,871
2019-04-02,agricolae,808
2019-04-03,agricolae,847
2019-04-04,agricolae,755
2019-04-05,agricolae,1143
2019-04-06,agricolae,493
2019-04-07,agricolae,453
2019-04-08,agricolae,962
2019-04-09,agricolae,957
2019-04-10,agricolae,953
2019-04-11,agricolae,898
2019-04-12,agricolae,738
2019-04-13,agricolae,414
2019-04-14,agricolae,388
2019-04-15,agricolae,767
2019-04-16,agricolae,683
2019-04-17,agricolae,914
2019-04-18,agricolae,549
2019-04-19,agricolae,507
2019-04-20,agricolae,257
2019-04-21,agricolae,287
2019-04-22,agricolae,684
2019-04-23,agricolae,765
2019-04-24,agricolae,692
2019-04-25,agricolae,762
2019-04-26,agricolae,643
2019-04-27,agricolae,364
2019-04-28,agricolae,348
2019-04-29,agricolae,685
2019-04-30,agricolae,651
2019-05-01,agricolae,619
2019-05-02,agricolae,899
2019-05-03,agricolae,715
2019-05-04,agricolae,367
2019-05-05,agricolae,320
2019-05-06,agricolae,706
2019-05-07,agricolae,738
2019-05-08,agricolae,727
2019-05-09,agricolae,841
2019-05-10,agricolae,710
2019-05-11,agricolae,347
2019-05-12,agricolae,317
2019-05-13,agricolae,711
2019-05-14,agricolae,771
2019-05-15,agricolae,695
2019-05-16,agricolae,595
2019-05-17,agricolae,569
2019-05-18,agricolae,357
2019-05-19,agricolae,289
2019-05-20,agricolae,718
2019-05-21,agricolae,659
2019-05-22,agricolae,704
2019-05-23,agricolae,635
2019-05-24,agricolae,576
2019-05-25,agricolae,291
2019-05-26,agricolae,303
2019-05-27,agricolae,584
2019-05-28,agricolae,662
2019-05-29,agricolae,681
2019-05-30,agricolae,510
2019-05-31,agricolae,440
2019-06-01,agricolae,280
2019-06-02,agricolae,247
2019-06-03,agricolae,563
2019-06-04,agricolae,565
2019-06-05,agricolae,532
2019-06-06,agricolae,576
2019-06-07,agricolae,451
2019-06-08,agricolae,279
2019-06-09,agricolae,246
2019-06-10,agricolae,558
2019-06-11,agricolae,620
2019-06-12,agricolae,579
2019-06-13,agricolae,459
2019-06-14,agricolae,484
2019-06-15,agricolae,320
2019-06-16,agricolae,244
2019-06-17,agricolae,601
2019-06-18,agricolae,589
2019-06-19,agricolae,595
2019-06-20,agricolae,482
2019-06-21,agricolae,390
2019-06-22,agricolae,235
2019-06-23,agricolae,197
2019-06-24,agricolae,435
2019-06-25,agricolae,481
2019-06-26,agricolae,433
2019-06-27,agricolae,404
2019-06-28,agricolae,432
2019-06-29,agricolae,243
2019-06-30,agricolae,234
2019-07-01,agricolae,447
2019-07-02,agricolae,428
2019-07-03,agricolae,486
2019-07-04,agricolae,374
2019-07-05,agricolae,334
2019-07-06,agricolae,226
2019-07-07,agricolae,211
2019-07-08,agricolae,493
2019-07-09,agricolae,566
2019-07-10,agricolae,554
2019-07-11,agricolae,518
2019-07-12,agricolae,365
2019-07-13,agricolae,201
2019-07-14,agricolae,213
2019-07-15,agricolae,430
2019-07-16,agricolae,479
2019-07-17,agricolae,474
2019-07-18,agricolae,488
2019-07-19,agricolae,342
2019-07-20,agricolae,186
2019-07-21,agricolae,188
2019-07-22,agricolae,415
2019-07-23,agricolae,510
2019-07-24,agricolae,479
2019-07-25,agricolae,440
2019-07-26,agricolae,367
2019-07-27,agricolae,178
2019-07-28,agricolae,183
2019-07-29,agricolae,391
2019-07-30,agricolae,422
2019-07-31,agricolae,480
2019-08-01,agricolae,446
2019-08-02,agricolae,336
2019-08-03,agricolae,191
2019-08-04,agricolae,166
2019-08-05,agricolae,418
2019-08-06,agricolae,398
2019-08-07,agricolae,434
2019-08-08,agricolae,385
2019-08-09,agricolae,336
2019-08-10,agricolae,174
2019-08-11,agricolae,137
2019-08-12,agricolae,416
2019-08-13,agricolae,398
2019-08-14,agricolae,474
2019-08-15,agricolae,410
2019-08-16,agricolae,296
2019-08-17,agricolae,278
2019-08-18,agricolae,179
2019-08-19,agricolae,445
2019-08-20,agricolae,492
2019-08-21,agricolae,504
2019-08-22,agricolae,420
2019-08-23,agricolae,479
2019-08-24,agricolae,217
2019-08-25,agricolae,239
2019-08-26,agricolae,478
2019-08-27,agricolae,553
2019-08-28,agricolae,595
2019-08-29,agricolae,583
2019-08-30,agricolae,551
2019-08-31,agricolae,240
2019-09-01,agricolae,182
2019-09-02,agricolae,416
2019-09-03,agricolae,509
2019-09-04,agricolae,544
2019-09-05,agricolae,562
2019-09-06,agricolae,462
2019-09-07,agricolae,346
2019-09-08,agricolae,226
2019-09-09,agricolae,622
2019-09-10,agricolae,617
2019-09-11,agricolae,736
2019-09-12,agricolae,571
2019-09-13,agricolae,601
2019-09-14,agricolae,310
2019-09-15,agricolae,296
2019-09-16,agricolae,701
2019-09-17,agricolae,731
2019-09-18,agricolae,807
2019-09-19,agricolae,681
2019-09-20,agricolae,595
2019-09-21,agricolae,341
2019-09-22,agricolae,253
2019-09-23,agricolae,617
2019-09-24,agricolae,649
2019-09-25,agricolae,732
2019-09-26,agricolae,643
2019-09-27,agricolae,498
2019-09-28,agricolae,197
2019-09-29,agricolae,237
2019-09-30,agricolae,568
2019-10-01,agricolae,635
2019-10-02,agricolae,737
2019-10-03,agricolae,609
2019-10-04,agricolae,448
2019-10-05,agricolae,249
2019-10-06,agricolae,254
2019-10-07,agricolae,795
2019-10-08,agricolae,698
2019-10-09,agricolae,929
2019-10-10,agricolae,760
2019-10-11,agricolae,644
2019-10-12,agricolae,360
2019-10-13,agricolae,303
2019-10-14,agricolae,704
2019-10-15,agricolae,690
2019-10-16,agricolae,733
2019-10-17,agricolae,609
2019-10-18,agricolae,559
2019-10-19,agricolae,269
2019-10-20,agricolae,294
2019-10-21,agricolae,867
2019-10-22,agricolae,836
2019-10-23,agricolae,739
2019-10-24,agricolae,562
2019-10-25,agricolae,522
2019-10-26,agricolae,317
2019-10-27,agricolae,280
2019-10-28,agricolae,712
2019-10-29,agricolae,632
2019-10-30,agricolae,740
2019-10-31,agricolae,641
2019-11-01,agricolae,432
2019-11-02,agricolae,322
2019-11-03,agricolae,294
2019-11-04,agricolae,672
2019-11-05,agricolae,735
2019-11-06,agricolae,772
2019-11-07,agricolae,586
2019-11-08,agricolae,519
2019-11-09,agricolae,249
2019-11-10,agricolae,318
2019-11-11,agricolae,599
2019-11-12,agricolae,750
2019-11-13,agricolae,680
2019-11-14,agricolae,662
2019-11-15,agricolae,594
2019-11-16,agricolae,328
2019-11-17,agricolae,356
2019-11-18,agricolae,629
2019-11-19,agricolae,713
2019-11-20,agricolae,662
2019-11-21,agricolae,617
2019-11-22,agricolae,515
2019-11-23,agricolae,287
2019-11-24,agricolae,254
2019-11-25,agricolae,529
2019-11-26,agricolae,762
2019-11-27,agricolae,703
2019-11-28,agricolae,636
2019-11-29,agricolae,445
2019-11-30,agricolae,282
2019-12-01,agricolae,284
2019-12-02,agricolae,662
2019-12-03,agricolae,749
2019-12-04,agricolae,666
2019-12-05,agricolae,542
2019-12-06,agricolae,496
2019-12-07,agricolae,249
2019-12-08,agricolae,281
2019-12-09,agricolae,606
2019-12-10,agricolae,578
2019-12-11,agricolae,561
2019-12-12,agricolae,538
2019-12-13,agricolae,402
2019-12-14,agricolae,223
2019-12-15,agricolae,213
2019-12-16,agricolae,497
2019-12-17,agricolae,591
2019-12-18,agricolae,488
2019-12-19,agricolae,450
2019-12-20,agricolae,375
2019-12-21,agricolae,185
2019-12-22,agricolae,171
2019-12-23,agricolae,318
2019-12-24,agricolae,184
2019-12-25,agricolae,160
2019-12-26,agricolae,225
2019-12-27,agricolae,162
2019-12-28,agricolae,136
2019-12-29,agricolae,139
2019-12-30,agricolae,221
2019-12-31,agricolae,187
2020-01-01,agricolae,169
2020-01-02,agricolae,235
2020-01-03,agricolae,304
2020-01-04,agricolae,184
2020-01-05,agricolae,218
2020-01-06,agricolae,445
2020-01-07,agricolae,441
2020-01-08,agricolae,470
2020-01-09,agricolae,369
2020-01-10,agricolae,341
2020-01-11,agricolae,190
2020-01-12,agricolae,209
2020-01-13,agricolae,432
2020-01-14,agricolae,426
2020-01-15,agricolae,439
2020-01-16,agricolae,473
2020-01-17,agricolae,326
2020-01-18,agricolae,180
2020-01-19,agricolae,267
2020-01-20,agricolae,767
2020-01-21,agricolae,681
2020-01-22,agricolae,651
2020-01-23,agricolae,672
2020-01-24,agricolae,585
2020-01-25,agricolae,245
2020-01-26,agricolae,218
2020-01-27,agricolae,573
2020-01-28,agricolae,571
2020-01-29,agricolae,624
2020-01-30,agricolae,513
2020-01-31,agricolae,507
2020-02-01,agricolae,235
2020-02-02,agricolae,222
2020-02-03,agricolae,502
2020-02-04,agricolae,553
2020-02-05,agricolae,626
2020-02-06,agricolae,664
2020-02-07,agricolae,537
2020-02-08,agricolae,235
2020-02-09,agricolae,257
2020-02-10,agricolae,683
2020-02-11,agricolae,633
2020-02-12,agricolae,714
2020-02-13,agricolae,685
2020-02-14,agricolae,491
2020-02-15,agricolae,255
2020-02-16,agricolae,307
2020-02-17,agricolae,638
2020-02-18,agricolae,796
2020-02-19,agricolae,837
2020-02-20,agricolae,632
2020-02-21,agricolae,475
2020-02-22,agricolae,273
2020-02-23,agricolae,324
2020-02-24,agricolae,627
2020-02-25,agricolae,571
2020-02-26,agricolae,603
2020-02-27,agricolae,566
2020-02-28,agricolae,552
2020-02-29,agricolae,81
2020-03-01,agricolae,270
2020-03-02,agricolae,678
2020-03-03,agricolae,722
2020-03-04,agricolae,693
2020-03-05,agricolae,652
2020-03-06,agricolae,601
2020-03-07,agricolae,264
2020-03-08,agricolae,281
2020-03-09,agricolae,725
2020-03-10,agricolae,658
2020-03-11,agricolae,635
2020-03-12,agricolae,594
2020-03-13,agricolae,483
2020-03-14,agricolae,282
2020-03-15,agricolae,229
2020-03-16,agricolae,429
2020-03-17,agricolae,476
2020-03-18,agricolae,514
2020-03-19,agricolae,452
2020-03-20,agricolae,488
2020-03-21,agricolae,287
2020-03-22,agricolae,264
2020-03-23,agricolae,461
2020-03-24,agricolae,533
2020-03-25,agricolae,527
2020-03-26,agricolae,554
2020-03-27,agricolae,425
2020-03-28,agricolae,279
2020-03-29,agricolae,285
2020-03-30,agricolae,546
2020-03-31,agricolae,631
2020-04-01,agricolae,613
2020-04-02,agricolae,542
2020-04-03,agricolae,419
2020-04-04,agricolae,249
2020-04-05,agricolae,218
2020-04-06,agricolae,503
2020-04-07,agricolae,650
2020-04-08,agricolae,524
2020-04-09,agricolae,415
2020-04-10,agricolae,361
2020-04-11,agricolae,284
2020-04-12,agricolae,275
2020-04-13,agricolae,498
2020-04-14,agricolae,558
2020-04-15,agricolae,525
2020-04-16,agricolae,432
2020-04-17,agricolae,481
2020-04-18,agricolae,254
2020-04-19,agricolae,310
2020-04-20,agricolae,406
2020-04-21,agricolae,496
2020-04-22,agricolae,544
2020-04-23,agricolae,609
2020-04-24,agricolae,577
2020-04-25,agricolae,484
2020-04-26,agricolae,414
2020-04-27,agricolae,708
2020-04-28,agricolae,612
2020-04-29,agricolae,710
2020-04-30,agricolae,582
2020-05-01,agricolae,392
2020-05-02,agricolae,380
2020-05-03,agricolae,358
2020-05-04,agricolae,572
2020-05-05,agricolae,549
2020-05-06,agricolae,560
2020-05-07,agricolae,517
2020-05-08,agricolae,447
2020-05-09,agricolae,387
2020-05-10,agricolae,310
2020-05-11,agricolae,491
2020-05-12,agricolae,553
2020-05-13,agricolae,613
2020-05-14,agricolae,513
2020-05-15,agricolae,466
2020-05-16,agricolae,356
2020-05-17,agricolae,332
2020-05-18,agricolae,551
2020-05-19,agricolae,611
2020-05-20,agricolae,668
2020-05-21,agricolae,560
2020-05-22,agricolae,479
2020-05-23,agricolae,303
2020-05-24,agricolae,330
2020-05-25,agricolae,418
2020-05-26,agricolae,507
2020-05-27,agricolae,636
2020-05-28,agricolae,618
2020-05-29,agricolae,557
2020-05-30,agricolae,350
2020-05-31,agricolae,367
2020-06-01,agricolae,565
2020-06-02,agricolae,453
2020-06-03,agricolae,557
2020-06-04,agricolae,451
2020-06-05,agricolae,518
2020-06-06,agricolae,341
2020-06-07,agricolae,540
2020-06-08,agricolae,949
2020-06-09,agricolae,820
2020-06-10,agricolae,857
2020-06-11,agricolae,627
2020-06-12,agricolae,662
2020-06-13,agricolae,369
2020-06-14,agricolae,401
2020-06-15,agricolae,628
2020-06-16,agricolae,733
2020-06-17,agricolae,663
2020-06-18,agricolae,588
2020-06-19,agricolae,582
2020-06-20,agricolae,309
2020-06-21,agricolae,335
2020-06-22,agricolae,546
2020-06-23,agricolae,582
2020-06-24,agricolae,637
2020-06-25,agricolae,471
2020-06-26,agricolae,555
2020-06-27,agricolae,331
2020-06-28,agricolae,372
2020-06-29,agricolae,481
2020-06-30,agricolae,516
2020-07-01,agricolae,493
2020-07-02,agricolae,558
2020-07-03,agricolae,456
2020-07-04,agricolae,332
2020-07-05,agricolae,232
2020-07-06,agricolae,396
2020-07-07,agricolae,458
2020-07-08,agricolae,500
2020-07-09,agricolae,450
2020-07-10,agricolae,452
2020-07-11,agricolae,248
2020-07-12,agricolae,268
2020-07-13,agricolae,483
2020-07-14,agricolae,437
2020-07-15,agricolae,465
2020-07-16,agricolae,406
2020-07-17,agricolae,367
2020-07-18,agricolae,219
2020-07-19,agricolae,277
2020-07-20,agricolae,496
2020-07-21,agricolae,455
2020-07-22,agricolae,504
2020-07-23,agricolae,419
2020-07-24,agricolae,356
2020-07-25,agricolae,236
2020-07-26,agricolae,246
2020-07-27,agricolae,388
2020-07-28,agricolae,463
2020-07-29,agricolae,422
2020-07-30,agricolae,448
2020-07-31,agricolae,300
2020-08-01,agricolae,213
2020-08-02,agricolae,170
2020-08-03,agricolae,414
2020-08-04,agricolae,464
2020-08-05,agricolae,465
2020-08-06,agricolae,419
2020-08-07,agricolae,372
2020-08-08,agricolae,285
2020-08-09,agricolae,216
2020-08-10,agricolae,414
2020-08-11,agricolae,461
2020-08-12,agricolae,451
2020-08-13,agricolae,452
2020-08-14,agricolae,406
2020-08-15,agricolae,223
2020-08-16,agricolae,217
2020-08-17,agricolae,415
2020-08-18,agricolae,498
2020-08-19,agricolae,471
2020-08-20,agricolae,385
2020-08-21,agricolae,389
2020-08-22,agricolae,255
2020-08-23,agricolae,216
2020-08-24,agricolae,457
2020-08-25,agricolae,464
2020-08-26,agricolae,528
2020-08-27,agricolae,461
2020-08-28,agricolae,362
2020-08-29,agricolae,315
2020-08-30,agricolae,259
2020-08-31,agricolae,453
2020-09-01,agricolae,533
2020-09-02,agricolae,548
2020-09-03,agricolae,571
2020-09-04,agricolae,506
2020-09-05,agricolae,253
2020-09-06,agricolae,236
2020-09-07,agricolae,617
2020-09-08,agricolae,615
2020-09-09,agricolae,656
2020-09-10,agricolae,652
2020-09-11,agricolae,404
2020-09-12,agricolae,282
2020-09-13,agricolae,266
2020-09-14,agricolae,540
2020-09-15,agricolae,585
2020-09-16,agricolae,685
2020-09-17,agricolae,657
2020-09-18,agricolae,507
2020-09-19,agricolae,235
2020-09-20,agricolae,276
2020-09-21,agricolae,520
2020-09-22,agricolae,597
2020-09-23,agricolae,632
2020-09-24,agricolae,581
2020-09-25,agricolae,476
2020-09-26,agricolae,304
2020-09-27,agricolae,340
2020-09-28,agricolae,583
2020-09-29,agricolae,581
2020-09-30,agricolae,646
2020-10-01,agricolae,549
2020-10-02,agricolae,531
2020-10-03,agricolae,320
2020-10-04,agricolae,330
2020-10-05,agricolae,607
2020-10-06,agricolae,649
2020-10-07,agricolae,704
2020-10-08,agricolae,634
2020-10-09,agricolae,663
2020-10-10,agricolae,344
2020-10-11,agricolae,323
2020-10-12,agricolae,517
2020-10-13,agricolae,674
2020-10-14,agricolae,670
2020-10-15,agricolae,585
2020-10-16,agricolae,623
2020-10-17,agricolae,367
2020-10-18,agricolae,386
2020-10-19,agricolae,651
2020-10-20,agricolae,586
2020-10-21,agricolae,660
2020-10-22,agricolae,616
2020-10-23,agricolae,589
2020-10-24,agricolae,341
2020-10-25,agricolae,291
2020-10-26,agricolae,645
2020-10-27,agricolae,657
2020-10-28,agricolae,644
2020-10-29,agricolae,577
2020-10-30,agricolae,531
2020-10-31,agricolae,344
2020-11-01,agricolae,370
2020-11-02,agricolae,598
2020-11-03,agricolae,606
2020-11-04,agricolae,665
2020-11-05,agricolae,729
2020-11-06,agricolae,609
2020-11-07,agricolae,378
2020-11-08,agricolae,421
2020-11-09,agricolae,663
2020-11-10,agricolae,689
2020-11-11,agricolae,628
2020-11-12,agricolae,677
2020-11-13,agricolae,571
2020-11-14,agricolae,363
2020-11-15,agricolae,405
2020-11-16,agricolae,674
2020-11-17,agricolae,585
2020-11-18,agricolae,659
2020-11-19,agricolae,621
2020-11-20,agricolae,560
2020-11-21,agricolae,355
2020-11-22,agricolae,368
2020-11-23,agricolae,638
2020-11-24,agricolae,737
2020-11-25,agricolae,627
2020-11-26,agricolae,558
2020-11-27,agricolae,546
2020-11-28,agricolae,378
2020-11-29,agricolae,354
2020-11-30,agricolae,474
2020-12-01,agricolae,601
2020-12-02,agricolae,651
2020-12-03,agricolae,680
2020-12-04,agricolae,538
2020-12-05,agricolae,276
2020-12-06,agricolae,364
2020-12-07,agricolae,597
2020-12-08,agricolae,574
2020-12-09,agricolae,564
2020-12-10,agricolae,548
2020-12-11,agricolae,420
2020-12-12,agricolae,303
2020-12-13,agricolae,307
2020-12-14,agricolae,519
2020-12-15,agricolae,462
2020-12-16,agricolae,513
2020-12-17,agricolae,468
2020-12-18,agricolae,362
2020-12-19,agricolae,312
2020-12-20,agricolae,187
2020-12-21,agricolae,381
2020-12-22,agricolae,400
2020-12-23,agricolae,440
2020-12-24,agricolae,324
2020-12-25,agricolae,131
2020-12-26,agricolae,167
2020-12-27,agricolae,189
2020-12-28,agricolae,289
2020-12-29,agricolae,295
2020-12-30,agricolae,286
2020-12-31,agricolae,207
2021-01-01,agricolae,138
2021-01-02,agricolae,164
2021-01-03,agricolae,169
2021-01-04,agricolae,383
2021-01-05,agricolae,347
2021-01-06,agricolae,415
2021-01-07,agricolae,406
2021-01-08,agricolae,318
2021-01-09,agricolae,235
2021-01-10,agricolae,208
2021-01-11,agricolae,373
2021-01-12,agricolae,428
2021-01-13,agricolae,490
2021-01-14,agricolae,418
2021-01-15,agricolae,429
2021-01-16,agricolae,260
2021-01-17,agricolae,234
2021-01-18,agricolae,400
2021-01-19,agricolae,417
2021-01-20,agricolae,445
2021-01-21,agricolae,379
2021-01-22,agricolae,355
2021-01-23,agricolae,194
2021-01-24,agricolae,216
2021-01-25,agricolae,376
2021-01-26,agricolae,413
2021-01-27,agricolae,444
2021-01-28,agricolae,382
2021-01-29,agricolae,413
2021-01-30,agricolae,204
2021-01-31,agricolae,214
2021-02-01,agricolae,426
2021-02-02,agricolae,458
2021-02-03,agricolae,485
2021-02-04,agricolae,416
2021-02-05,agricolae,430
2021-02-06,agricolae,250
2021-02-07,agricolae,228
2021-02-08,agricolae,487
2021-02-09,agricolae,445
2021-02-10,agricolae,465
2021-02-11,agricolae,423
2021-02-12,agricolae,388
2021-02-13,agricolae,261
2021-02-14,agricolae,209
2021-02-15,agricolae,509
2021-02-16,agricolae,450
2021-02-17,agricolae,462
2021-02-18,agricolae,455
2021-02-19,agricolae,383
2021-02-20,agricolae,238
2021-02-21,agricolae,259
2021-02-22,agricolae,467
2021-02-23,agricolae,499
2021-02-24,agricolae,581
2021-02-25,agricolae,519
2021-02-26,agricolae,478
2021-02-27,agricolae,320
2021-02-28,agricolae,281
2021-03-01,agricolae,512
2021-03-02,agricolae,581
2021-03-03,agricolae,587
2021-03-04,agricolae,557
2021-03-05,agricolae,422
2021-03-06,agricolae,261
2021-03-07,agricolae,278
2021-03-08,agricolae,479
2021-03-09,agricolae,655
2021-03-10,agricolae,741
2021-03-11,agricolae,572
2021-03-12,agricolae,478
2021-03-13,agricolae,270
2021-03-14,agricolae,305
2021-03-15,agricolae,649
2021-03-16,agricolae,569
2021-03-17,agricolae,556
2021-03-18,agricolae,625
2021-03-19,agricolae,438
2021-03-20,agricolae,293
2021-03-21,agricolae,312
2021-03-22,agricolae,552
2021-03-23,agricolae,657
2021-03-24,agricolae,749
2021-03-25,agricolae,629
2021-03-26,agricolae,579
2021-03-27,agricolae,335
2021-03-28,agricolae,326
2021-03-29,agricolae,590
2021-03-30,agricolae,630
2021-03-31,agricolae,575
2021-04-01,agricolae,419
2021-04-02,agricolae,427
2021-04-03,agricolae,336
2021-04-04,agricolae,323
2021-04-05,agricolae,619
2021-04-06,agricolae,626
2021-04-07,agricolae,666
2021-04-08,agricolae,540
2021-04-09,agricolae,524
2021-04-10,agricolae,395
2021-04-11,agricolae,345
2021-04-12,agricolae,606
2021-04-13,agricolae,540
2021-04-14,agricolae,575
2021-04-15,agricolae,585
2021-04-16,agricolae,539
2021-04-17,agricolae,333
2021-04-18,agricolae,355
2021-04-19,agricolae,502
2021-04-20,agricolae,672
2021-04-21,agricolae,677
2021-04-22,agricolae,614
2021-04-23,agricolae,445
2021-04-24,agricolae,352
2021-04-25,agricolae,345
2021-04-26,agricolae,602
2021-04-27,agricolae,563
2021-04-28,agricolae,614
2021-04-29,agricolae,549
2021-04-30,agricolae,459
2021-05-01,agricolae,270
2021-05-02,agricolae,326
2021-05-03,agricolae,569
2021-05-04,agricolae,513
2021-05-05,agricolae,568
2021-05-06,agricolae,559
2021-05-07,agricolae,473
2021-05-08,agricolae,356
2021-05-09,agricolae,456
2021-05-10,agricolae,473
2021-05-11,agricolae,539
2021-05-12,agricolae,515
2021-05-13,agricolae,505
2021-05-14,agricolae,416
2021-05-15,agricolae,272
2021-05-16,agricolae,295
2021-05-17,agricolae,485
2021-05-18,agricolae,703
2021-05-19,agricolae,749
2021-05-20,agricolae,684
2021-05-21,agricolae,624
2021-05-22,agricolae,374
2021-05-23,agricolae,391
2021-05-24,agricolae,568
2021-05-25,agricolae,613
2021-05-26,agricolae,630
2021-05-27,agricolae,620
2021-05-28,agricolae,481
2021-05-29,agricolae,302
2021-05-30,agricolae,335
2021-05-31,agricolae,577
2021-06-01,agricolae,601
2021-06-02,agricolae,572
2021-06-03,agricolae,614
2021-06-04,agricolae,557
2021-06-05,agricolae,308
2021-06-06,agricolae,476
2021-06-07,agricolae,827
2021-06-08,agricolae,800
2021-06-09,agricolae,709
2021-06-10,agricolae,702
2021-06-11,agricolae,621
2021-06-12,agricolae,417
2021-06-13,agricolae,394
2021-06-14,agricolae,616
2021-06-15,agricolae,642
2021-06-16,agricolae,610
2021-06-17,agricolae,598
2021-06-18,agricolae,508
2021-06-19,agricolae,393
2021-06-20,agricolae,305
2021-06-21,agricolae,624
2021-06-22,agricolae,621
2021-06-23,agricolae,538
2021-06-24,agricolae,548
2021-06-25,agricolae,432
2021-06-26,agricolae,299
2021-06-27,agricolae,271
2021-06-28,agricolae,562
2021-06-29,agricolae,465
2021-06-30,agricolae,573
2021-07-01,agricolae,462
2021-07-02,agricolae,401
2021-07-03,agricolae,255
2021-07-04,agricolae,237
2021-07-05,agricolae,416
2021-07-06,agricolae,453
2021-07-07,agricolae,504
2021-07-08,agricolae,470
2021-07-09,agricolae,387
2021-07-10,agricolae,231
2021-07-11,agricolae,253
2021-07-12,agricolae,462
2021-07-13,agricolae,500
2021-07-14,agricolae,525
2021-07-15,agricolae,431
2021-07-16,agricolae,376
2021-07-17,agricolae,232
2021-07-18,agricolae,209
2021-07-19,agricolae,445
2021-07-20,agricolae,435
2021-07-21,agricolae,436
2021-07-22,agricolae,371
2021-07-23,agricolae,338
2021-07-24,agricolae,231
2021-07-25,agricolae,212
2021-07-26,agricolae,444
2021-07-27,agricolae,414
2021-07-28,agricolae,460
2021-07-29,agricolae,422
2021-07-30,agricolae,353
2021-07-31,agricolae,173
2021-08-01,agricolae,206
2021-08-02,agricolae,375
2021-08-03,agricolae,473
2021-08-04,agricolae,540
2021-08-05,agricolae,409
2021-08-06,agricolae,360
2021-08-07,agricolae,205
2021-08-08,agricolae,179
2021-08-09,agricolae,407
2021-08-10,agricolae,466
2021-08-11,agricolae,504
2021-08-12,agricolae,451
2021-08-13,agricolae,392
2021-08-14,agricolae,191
2021-08-15,agricolae,205
2021-08-16,agricolae,447
2021-08-17,agricolae,444
2021-08-18,agricolae,558
2021-08-19,agricolae,602
2021-08-20,agricolae,465
2021-08-21,agricolae,278
2021-08-22,agricolae,237
2021-08-23,agricolae,421
2021-08-24,agricolae,570
2021-08-25,agricolae,517
2021-08-26,agricolae,503
2021-08-27,agricolae,428
2021-08-28,agricolae,232
2021-08-29,agricolae,348
2021-08-30,agricolae,495
2021-08-31,agricolae,619
2021-09-01,agricolae,734
2021-09-02,agricolae,579
2021-09-03,agricolae,462
2021-09-04,agricolae,214
2021-09-05,agricolae,198
2021-09-06,agricolae,434
2021-09-07,agricolae,514
2021-09-08,agricolae,499
2021-09-09,agricolae,528
2021-09-10,agricolae,449
2021-09-11,agricolae,218
2021-09-12,agricolae,254
2021-09-13,agricolae,518
2021-09-14,agricolae,583
2021-09-15,agricolae,610
2021-09-16,agricolae,616
2021-09-17,agricolae,417
2021-09-18,agricolae,264
2021-09-19,agricolae,291
2021-09-20,agricolae,489
2021-09-21,agricolae,567
2021-09-22,agricolae,662
2021-09-23,agricolae,684
2021-09-24,agricolae,556
2021-09-25,agricolae,288
2021-09-26,agricolae,378
2021-09-27,agricolae,612
2021-09-28,agricolae,751
2021-09-29,agricolae,894
2021-09-30,agricolae,817
2021-10-01,agricolae,567
2021-10-02,agricolae,318
2021-10-03,agricolae,306
2021-10-04,agricolae,644
2021-10-05,agricolae,725
2021-10-06,agricolae,855
2021-10-07,agricolae,733
2021-10-08,agricolae,604
2021-10-09,agricolae,369
2021-10-10,agricolae,300
2021-10-11,agricolae,614
2021-10-12,agricolae,653
2021-10-13,agricolae,702
2021-10-14,agricolae,647
2021-10-15,agricolae,795
2021-10-16,agricolae,322
2021-10-17,agricolae,321
2021-10-18,agricolae,668
2021-10-19,agricolae,715
2021-10-20,agricolae,707
2021-10-21,agricolae,656
2021-10-22,agricolae,490
2021-10-23,agricolae,306
2021-10-24,agricolae,341
2021-10-25,agricolae,617
2021-10-26,agricolae,775
2021-10-27,agricolae,814
2021-10-28,agricolae,666
2021-10-29,agricolae,591
2021-10-30,agricolae,355
2021-10-31,agricolae,323
2021-11-01,agricolae,558
2021-11-02,agricolae,754
2021-11-03,agricolae,733
2021-11-04,agricolae,688
2021-11-05,agricolae,548
2021-11-06,agricolae,339
2021-11-07,agricolae,281
2021-11-08,agricolae,699
2021-11-09,agricolae,738
2021-11-10,agricolae,710
2021-11-11,agricolae,615
2021-11-12,agricolae,531
2021-11-13,agricolae,340
2021-11-14,agricolae,377
2021-11-15,agricolae,789
2021-11-16,agricolae,813
2021-11-17,agricolae,720
2021-11-18,agricolae,692
2021-11-19,agricolae,621
2021-11-20,agricolae,393
2021-11-21,agricolae,444
2021-11-22,agricolae,653
2021-11-23,agricolae,723
2021-11-24,agricolae,614
2021-11-25,agricolae,591
2021-11-26,agricolae,483
2021-11-27,agricolae,365
2021-11-28,agricolae,399
2021-11-29,agricolae,629
2021-11-30,agricolae,786
2021-12-01,agricolae,651
2021-12-02,agricolae,640
2021-12-03,agricolae,546
2021-12-04,agricolae,328
2021-12-05,agricolae,358
2021-12-06,agricolae,711
2021-12-07,agricolae,711
2021-12-08,agricolae,665
2021-12-09,agricolae,594
2021-12-10,agricolae,660
2021-12-11,agricolae,323
2021-12-12,agricolae,295
2021-12-13,agricolae,653
2021-12-14,agricolae,634
2021-12-15,agricolae,648
2021-12-16,agricolae,555
2021-12-17,agricolae,427
2021-12-18,agricolae,228
2021-12-19,agricolae,261
2021-12-20,agricolae,417
2021-12-21,agricolae,389
2021-12-22,agricolae,411
2021-12-23,agricolae,332
2021-12-24,agricolae,206
2021-12-25,agricolae,135
2021-12-26,agricolae,161
2021-12-27,agricolae,249
2021-12-28,agricolae,326
2021-12-29,agricolae,309
2021-12-30,agricolae,250
2021-12-31,agricolae,183
2022-01-01,agricolae,160
2022-01-02,agricolae,200
2022-01-03,agricolae,363
2022-01-04,agricolae,427
2022-01-05,agricolae,500
2022-01-06,agricolae,426
2022-01-07,agricolae,379
2022-01-08,agricolae,228
2022-01-09,agricolae,245
2022-01-10,agricolae,456
2022-01-11,agricolae,474
2022-01-12,agricolae,549
2022-01-13,agricolae,464
2022-01-14,agricolae,415
2022-01-15,agricolae,229
2022-01-16,agricolae,252
2022-01-17,agricolae,537
2022-01-18,agricolae,486
2022-01-19,agricolae,451
2022-01-20,agricolae,440
2022-01-21,agricolae,427
2022-01-22,agricolae,207
2022-01-23,agricolae,208
2022-01-24,agricolae,497
2022-01-25,agricolae,479
2022-01-26,agricolae,522
2022-01-27,agricolae,501
2022-01-28,agricolae,386
2022-01-29,agricolae,213
2022-01-30,agricolae,191
2022-01-31,agricolae,417
2022-02-01,agricolae,506
2022-02-02,agricolae,580
2022-02-03,agricolae,530
2022-02-04,agricolae,460
2022-02-05,agricolae,258
2022-02-06,agricolae,253
2022-02-07,agricolae,487
2022-02-08,agricolae,604
2022-02-09,agricolae,722
2022-02-10,agricolae,593
2022-02-11,agricolae,507
2022-02-12,agricolae,317
2022-02-13,agricolae,296
2022-02-14,agricolae,580
2022-02-15,agricolae,571
2022-02-16,agricolae,563
2022-02-17,agricolae,536
2022-02-18,agricolae,545
2022-02-19,agricolae,304
2022-02-20,agricolae,282
2022-02-21,agricolae,675
2022-02-22,agricolae,698
2022-02-23,agricolae,852
2022-02-24,agricolae,786
2022-02-25,agricolae,522
2022-02-26,agricolae,298
2022-02-27,agricolae,252
2022-02-28,agricolae,512
2022-03-01,agricolae,618
